norm,form_a,form_b,lev_dist
م,م,مً,1
م,م,مٌ,1
م,م,مٍ,1
م,م,مَ,1
م,م,مُ,1
م,م,مِ,1
م,م,مًّ,2
م,م,مٌّ,2
م,م,مٍّ,2
م,م,مَّ,2
م,م,مُّ,2
م,م,مِّ,2
م,م,مْ,1
م,م,مٓ,1
م,مً,مٌ,1
م,مً,مٍ,1
م,مً,مَ,1
م,مً,مُ,1
م,مً,مِ,1
م,مً,مًّ,1
م,مً,مٌّ,2
م,مً,مٍّ,2
م,مً,مَّ,2
م,مً,مُّ,2
م,مً,مِّ,2
م,مً,مْ,1
م,مً,مٓ,1
م,مٌ,مٍ,1
م,مٌ,مَ,1
م,مٌ,مُ,1
م,مٌ,مِ,1
م,مٌ,مًّ,2
م,مٌ,مٌّ,1
م,مٌ,مٍّ,2
م,مٌ,مَّ,2
م,مٌ,مُّ,2
م,مٌ,مِّ,2
م,مٌ,مْ,1
م,مٌ,مٓ,1
م,مٍ,مَ,1
م,مٍ,مُ,1
م,مٍ,مِ,1
م,مٍ,مًّ,2
م,مٍ,مٌّ,2
م,مٍ,مٍّ,1
م,مٍ,مَّ,2
م,مٍ,مُّ,2
م,مٍ,مِّ,2
م,مٍ,مْ,1
م,مٍ,مٓ,1
م,مَ,مُ,1
م,مَ,مِ,1
م,مَ,مًّ,2
م,مَ,مٌّ,2
م,مَ,مٍّ,2
م,مَ,مَّ,1
م,مَ,مُّ,2
م,مَ,مِّ,2
م,مَ,مْ,1
م,مَ,مٓ,1
م,مُ,مِ,1
م,مُ,مًّ,2
م,مُ,مٌّ,2
م,مُ,مٍّ,2
م,مُ,مَّ,2
م,مُ,مُّ,1
م,مُ,مِّ,2
م,مُ,مْ,1
م,مُ,مٓ,1
م,مِ,مًّ,2
م,مِ,مٌّ,2
م,مِ,مٍّ,2
م,مِ,مَّ,2
م,مِ,مُّ,2
م,مِ,مِّ,1
م,مِ,مْ,1
م,مِ,مٓ,1
م,مًّ,مٌّ,1
م,مًّ,مٍّ,1
م,مًّ,مَّ,1
م,مًّ,مُّ,1
م,مًّ,مِّ,1
م,مًّ,مْ,2
م,مًّ,مٓ,2
م,مٌّ,مٍّ,1
م,مٌّ,مَّ,1
م,مٌّ,مُّ,1
م,مٌّ,مِّ,1
م,مٌّ,مْ,2
م,مٌّ,مٓ,2
م,مٍّ,مَّ,1
م,مٍّ,مُّ,1
م,مٍّ,مِّ,1
م,مٍّ,مْ,2
م,مٍّ,مٓ,2
م,مَّ,مُّ,1
م,مَّ,مِّ,1
م,مَّ,مْ,2
م,مَّ,مٓ,2
م,مُّ,مِّ,1
م,مُّ,مْ,2
م,مُّ,مٓ,2
م,مِّ,مْ,2
م,مِّ,مٓ,2
م,مْ,مٓ,1
ل,ل,لً,1
ل,ل,لٌ,1
ل,ل,لٍ,1
ل,ل,لَ,1
ل,ل,لُ,1
ل,ل,لِ,1
ل,ل,لًّ,2
ل,ل,لٌّ,2
ل,ل,لٍّ,2
ل,ل,لَّ,2
ل,ل,لُّ,2
ل,ل,لِّ,2
ل,ل,لْ,1
ل,لً,لٌ,1
ل,لً,لٍ,1
ل,لً,لَ,1
ل,لً,لُ,1
ل,لً,لِ,1
ل,لً,لًّ,1
ل,لً,لٌّ,2
ل,لً,لٍّ,2
ل,لً,لَّ,2
ل,لً,لُّ,2
ل,لً,لِّ,2
ل,لً,لْ,1
ل,لٌ,لٍ,1
ل,لٌ,لَ,1
ل,لٌ,لُ,1
ل,لٌ,لِ,1
ل,لٌ,لًّ,2
ل,لٌ,لٌّ,1
ل,لٌ,لٍّ,2
ل,لٌ,لَّ,2
ل,لٌ,لُّ,2
ل,لٌ,لِّ,2
ل,لٌ,لْ,1
ل,لٍ,لَ,1
ل,لٍ,لُ,1
ل,لٍ,لِ,1
ل,لٍ,لًّ,2
ل,لٍ,لٌّ,2
ل,لٍ,لٍّ,1
ل,لٍ,لَّ,2
ل,لٍ,لُّ,2
ل,لٍ,لِّ,2
ل,لٍ,لْ,1
ل,لَ,لُ,1
ل,لَ,لِ,1
ل,لَ,لًّ,2
ل,لَ,لٌّ,2
ل,لَ,لٍّ,2
ل,لَ,لَّ,1
ل,لَ,لُّ,2
ل,لَ,لِّ,2
ل,لَ,لْ,1
ل,لُ,لِ,1
ل,لُ,لًّ,2
ل,لُ,لٌّ,2
ل,لُ,لٍّ,2
ل,لُ,لَّ,2
ل,لُ,لُّ,1
ل,لُ,لِّ,2
ل,لُ,لْ,1
ل,لِ,لًّ,2
ل,لِ,لٌّ,2
ل,لِ,لٍّ,2
ل,لِ,لَّ,2
ل,لِ,لُّ,2
ل,لِ,لِّ,1
ل,لِ,لْ,1
ل,لًّ,لٌّ,1
ل,لًّ,لٍّ,1
ل,لًّ,لَّ,1
ل,لًّ,لُّ,1
ل,لًّ,لِّ,1
ل,لًّ,لْ,2
ل,لٌّ,لٍّ,1
ل,لٌّ,لَّ,1
ل,لٌّ,لُّ,1
ل,لٌّ,لِّ,1
ل,لٌّ,لْ,2
ل,لٍّ,لَّ,1
ل,لٍّ,لُّ,1
ل,لٍّ,لِّ,1
ل,لٍّ,لْ,2
ل,لَّ,لُّ,1
ل,لَّ,لِّ,1
ل,لَّ,لْ,2
ل,لُّ,لِّ,1
ل,لُّ,لْ,2
ل,لِّ,لْ,2
ن,ن,نً,1
ن,ن,نٌ,1
ن,ن,نٍ,1
ن,ن,نَ,1
ن,ن,نُ,1
ن,ن,نِ,1
ن,ن,نِۦَ,3
ن,ن,نًّ,2
ن,ن,نٌّ,2
ن,ن,نَّ,2
ن,ن,نُّ,2
ن,ن,نِّ,2
ن,ن,نْ,1
ن,ن,نٓ,1
ن,نً,نٌ,1
ن,نً,نٍ,1
ن,نً,نَ,1
ن,نً,نُ,1
ن,نً,نِ,1
ن,نً,نِۦَ,3
ن,نً,نًّ,1
ن,نً,نٌّ,2
ن,نً,نَّ,2
ن,نً,نُّ,2
ن,نً,نِّ,2
ن,نً,نْ,1
ن,نً,نٓ,1
ن,نٌ,نٍ,1
ن,نٌ,نَ,1
ن,نٌ,نُ,1
ن,نٌ,نِ,1
ن,نٌ,نِۦَ,3
ن,نٌ,نًّ,2
ن,نٌ,نٌّ,1
ن,نٌ,نَّ,2
ن,نٌ,نُّ,2
ن,نٌ,نِّ,2
ن,نٌ,نْ,1
ن,نٌ,نٓ,1
ن,نٍ,نَ,1
ن,نٍ,نُ,1
ن,نٍ,نِ,1
ن,نٍ,نِۦَ,3
ن,نٍ,نًّ,2
ن,نٍ,نٌّ,2
ن,نٍ,نَّ,2
ن,نٍ,نُّ,2
ن,نٍ,نِّ,2
ن,نٍ,نْ,1
ن,نٍ,نٓ,1
ن,نَ,نُ,1
ن,نَ,نِ,1
ن,نَ,نِۦَ,2
ن,نَ,نًّ,2
ن,نَ,نٌّ,2
ن,نَ,نَّ,1
ن,نَ,نُّ,2
ن,نَ,نِّ,2
ن,نَ,نْ,1
ن,نَ,نٓ,1
ن,نُ,نِ,1
ن,نُ,نِۦَ,3
ن,نُ,نًّ,2
ن,نُ,نٌّ,2
ن,نُ,نَّ,2
ن,نُ,نُّ,1
ن,نُ,نِّ,2
ن,نُ,نْ,1
ن,نُ,نٓ,1
ن,نِ,نِۦَ,2
ن,نِ,نًّ,2
ن,نِ,نٌّ,2
ن,نِ,نَّ,2
ن,نِ,نُّ,2
ن,نِ,نِّ,1
ن,نِ,نْ,1
ن,نِ,نٓ,1
ن,نِۦَ,نًّ,3
ن,نِۦَ,نٌّ,3
ن,نِۦَ,نَّ,2
ن,نِۦَ,نُّ,3
ن,نِۦَ,نِّ,3
ن,نِۦَ,نْ,3
ن,نِۦَ,نٓ,3
ن,نًّ,نٌّ,1
ن,نًّ,نَّ,1
ن,نًّ,نُّ,1
ن,نًّ,نِّ,1
ن,نًّ,نْ,2
ن,نًّ,نٓ,2
ن,نٌّ,نَّ,1
ن,نٌّ,نُّ,1
ن,نٌّ,نِّ,1
ن,نٌّ,نْ,2
ن,نٌّ,نٓ,2
ن,نَّ,نُّ,1
ن,نَّ,نِّ,1
ن,نَّ,نْ,2
ن,نَّ,نٓ,2
ن,نُّ,نِّ,1
ن,نُّ,نْ,2
ن,نُّ,نٓ,2
ن,نِّ,نْ,2
ن,نِّ,نٓ,2
ن,نْ,نٓ,1
و,و,وً,1
و,و,وٌ,1
و,و,وَ,1
و,و,وَٰ,2
و,و,وُ,1
و,و,وُۥ,2
و,و,وُۥٓ,3
و,و,وِ,1
و,و,وًّ,2
و,و,وٌّ,2
و,و,وٍّ,2
و,و,وَّ,2
و,و,وَّٰ,3
و,و,وُّ,2
و,و,وِّ,2
و,و,وْ,1
و,و,وٓ,1
و,و,وٰ,1
و,و,وٰٓ,2
و,و,و۟,1
و,وً,وٌ,1
و,وً,وَ,1
و,وً,وَٰ,2
و,وً,وُ,1
و,وً,وُۥ,2
و,وً,وُۥٓ,3
و,وً,وِ,1
و,وً,وًّ,1
و,وً,وٌّ,2
و,وً,وٍّ,2
و,وً,وَّ,2
و,وً,وَّٰ,3
و,وً,وُّ,2
و,وً,وِّ,2
و,وً,وْ,1
و,وً,وٓ,1
و,وً,وٰ,1
و,وً,وٰٓ,2
و,وً,و۟,1
و,وٌ,وَ,1
و,وٌ,وَٰ,2
و,وٌ,وُ,1
و,وٌ,وُۥ,2
و,وٌ,وُۥٓ,3
و,وٌ,وِ,1
و,وٌ,وًّ,2
و,وٌ,وٌّ,1
و,وٌ,وٍّ,2
و,وٌ,وَّ,2
و,وٌ,وَّٰ,3
و,وٌ,وُّ,2
و,وٌ,وِّ,2
و,وٌ,وْ,1
و,وٌ,وٓ,1
و,وٌ,وٰ,1
و,وٌ,وٰٓ,2
و,وٌ,و۟,1
و,وَ,وَٰ,1
و,وَ,وُ,1
و,وَ,وُۥ,2
و,وَ,وُۥٓ,3
و,وَ,وِ,1
و,وَ,وًّ,2
و,وَ,وٌّ,2
و,وَ,وٍّ,2
و,وَ,وَّ,1
و,وَ,وَّٰ,2
و,وَ,وُّ,2
و,وَ,وِّ,2
و,وَ,وْ,1
و,وَ,وٓ,1
و,وَ,وٰ,1
و,وَ,وٰٓ,2
و,وَ,و۟,1
و,وَٰ,وُ,2
و,وَٰ,وُۥ,2
و,وَٰ,وُۥٓ,3
و,وَٰ,وِ,2
و,وَٰ,وًّ,2
و,وَٰ,وٌّ,2
و,وَٰ,وٍّ,2
و,وَٰ,وَّ,2
و,وَٰ,وَّٰ,1
و,وَٰ,وُّ,2
و,وَٰ,وِّ,2
و,وَٰ,وْ,2
و,وَٰ,وٓ,2
و,وَٰ,وٰ,1
و,وَٰ,وٰٓ,2
و,وَٰ,و۟,2
و,وُ,وُۥ,1
و,وُ,وُۥٓ,2
و,وُ,وِ,1
و,وُ,وًّ,2
و,وُ,وٌّ,2
و,وُ,وٍّ,2
و,وُ,وَّ,2
و,وُ,وَّٰ,3
و,وُ,وُّ,1
و,وُ,وِّ,2
و,وُ,وْ,1
و,وُ,وٓ,1
و,وُ,وٰ,1
و,وُ,وٰٓ,2
و,وُ,و۟,1
و,وُۥ,وُۥٓ,1
و,وُۥ,وِ,2
و,وُۥ,وًّ,2
و,وُۥ,وٌّ,2
و,وُۥ,وٍّ,2
و,وُۥ,وَّ,2
و,وُۥ,وَّٰ,3
و,وُۥ,وُّ,2
و,وُۥ,وِّ,2
و,وُۥ,وْ,2
و,وُۥ,وٓ,2
و,وُۥ,وٰ,2
و,وُۥ,وٰٓ,2
و,وُۥ,و۟,2
و,وُۥٓ,وِ,3
و,وُۥٓ,وًّ,3
و,وُۥٓ,وٌّ,3
و,وُۥٓ,وٍّ,3
و,وُۥٓ,وَّ,3
و,وُۥٓ,وَّٰ,3
و,وُۥٓ,وُّ,3
و,وُۥٓ,وِّ,3
و,وُۥٓ,وْ,3
و,وُۥٓ,وٓ,2
و,وُۥٓ,وٰ,3
و,وُۥٓ,وٰٓ,2
و,وُۥٓ,و۟,3
و,وِ,وًّ,2
و,وِ,وٌّ,2
و,وِ,وٍّ,2
و,وِ,وَّ,2
و,وِ,وَّٰ,3
و,وِ,وُّ,2
و,وِ,وِّ,1
و,وِ,وْ,1
و,وِ,وٓ,1
و,وِ,وٰ,1
و,وِ,وٰٓ,2
و,وِ,و۟,1
و,وًّ,وٌّ,1
و,وًّ,وٍّ,1
و,وًّ,وَّ,1
و,وًّ,وَّٰ,2
و,وًّ,وُّ,1
و,وًّ,وِّ,1
و,وًّ,وْ,2
و,وًّ,وٓ,2
و,وًّ,وٰ,2
و,وًّ,وٰٓ,2
و,وًّ,و۟,2
و,وٌّ,وٍّ,1
و,وٌّ,وَّ,1
و,وٌّ,وَّٰ,2
و,وٌّ,وُّ,1
و,وٌّ,وِّ,1
و,وٌّ,وْ,2
و,وٌّ,وٓ,2
و,وٌّ,وٰ,2
و,وٌّ,وٰٓ,2
و,وٌّ,و۟,2
و,وٍّ,وَّ,1
و,وٍّ,وَّٰ,2
و,وٍّ,وُّ,1
و,وٍّ,وِّ,1
و,وٍّ,وْ,2
و,وٍّ,وٓ,2
و,وٍّ,وٰ,2
و,وٍّ,وٰٓ,2
و,وٍّ,و۟,2
و,وَّ,وَّٰ,1
و,وَّ,وُّ,1
و,وَّ,وِّ,1
و,وَّ,وْ,2
و,وَّ,وٓ,2
و,وَّ,وٰ,2
و,وَّ,وٰٓ,2
و,وَّ,و۟,2
و,وَّٰ,وُّ,2
و,وَّٰ,وِّ,2
و,وَّٰ,وْ,3
و,وَّٰ,وٓ,3
و,وَّٰ,وٰ,2
و,وَّٰ,وٰٓ,3
و,وَّٰ,و۟,3
و,وُّ,وِّ,1
و,وُّ,وْ,2
و,وُّ,وٓ,2
و,وُّ,وٰ,2
و,وُّ,وٰٓ,2
و,وُّ,و۟,2
و,وِّ,وْ,2
و,وِّ,وٓ,2
و,وِّ,وٰ,2
و,وِّ,وٰٓ,2
و,وِّ,و۟,2
و,وْ,وٓ,1
و,وْ,وٰ,1
و,وْ,وٰٓ,2
و,وْ,و۟,1
و,وٓ,وٰ,1
و,وٓ,وٰٓ,1
و,وٓ,و۟,1
و,وٰ,وٰٓ,1
و,وٰ,و۟,1
و,وٰٓ,و۟,2
ا,ا,آ,1
ا,ا,ا۟,1
ا,ا,ا۠,1
ا,آ,ا۟,1
ا,آ,ا۠,1
ا,ا۟,ا۠,1
ه,هً,هٌ,1
ه,هً,هٍ,1
ه,هً,هَ,1
ه,هً,هُ,1
ه,هً,هُۥ,2
ه,هً,هُۥٓ,3
ه,هً,هِ,1
ه,هً,هِۦ,2
ه,هً,هِۦٓ,3
ه,هً,هَّ,2
ه,هً,هِّ,2
ه,هً,هْ,1
ه,هٌ,هٍ,1
ه,هٌ,هَ,1
ه,هٌ,هُ,1
ه,هٌ,هُۥ,2
ه,هٌ,هُۥٓ,3
ه,هٌ,هِ,1
ه,هٌ,هِۦ,2
ه,هٌ,هِۦٓ,3
ه,هٌ,هَّ,2
ه,هٌ,هِّ,2
ه,هٌ,هْ,1
ه,هٍ,هَ,1
ه,هٍ,هُ,1
ه,هٍ,هُۥ,2
ه,هٍ,هُۥٓ,3
ه,هٍ,هِ,1
ه,هٍ,هِۦ,2
ه,هٍ,هِۦٓ,3
ه,هٍ,هَّ,2
ه,هٍ,هِّ,2
ه,هٍ,هْ,1
ه,هَ,هُ,1
ه,هَ,هُۥ,2
ه,هَ,هُۥٓ,3
ه,هَ,هِ,1
ه,هَ,هِۦ,2
ه,هَ,هِۦٓ,3
ه,هَ,هَّ,1
ه,هَ,هِّ,2
ه,هَ,هْ,1
ه,هُ,هُۥ,1
ه,هُ,هُۥٓ,2
ه,هُ,هِ,1
ه,هُ,هِۦ,2
ه,هُ,هِۦٓ,3
ه,هُ,هَّ,2
ه,هُ,هِّ,2
ه,هُ,هْ,1
ه,هُۥ,هُۥٓ,1
ه,هُۥ,هِ,2
ه,هُۥ,هِۦ,2
ه,هُۥ,هِۦٓ,3
ه,هُۥ,هَّ,2
ه,هُۥ,هِّ,2
ه,هُۥ,هْ,2
ه,هُۥٓ,هِ,3
ه,هُۥٓ,هِۦ,3
ه,هُۥٓ,هِۦٓ,2
ه,هُۥٓ,هَّ,3
ه,هُۥٓ,هِّ,3
ه,هُۥٓ,هْ,3
ه,هِ,هِۦ,1
ه,هِ,هِۦٓ,2
ه,هِ,هَّ,2
ه,هِ,هِّ,1
ه,هِ,هْ,1
ه,هِۦ,هِۦٓ,1
ه,هِۦ,هَّ,2
ه,هِۦ,هِّ,2
ه,هِۦ,هْ,2
ه,هِۦٓ,هَّ,3
ه,هِۦٓ,هِّ,3
ه,هِۦٓ,هْ,3
ه,هَّ,هِّ,1
ه,هَّ,هْ,2
ه,هِّ,هْ,2
ي,يً,يَ,1
ي,يً,يُ,1
ي,يً,يِ,1
ي,يً,يًّ,1
ي,يً,يَّ,2
ي,يً,يُّ,2
ي,يً,يِّ,2
ي,يً,يْ,1
ي,يً,يٓ,1
ي,يً,ي۟,1
ي,يَ,يُ,1
ي,يَ,يِ,1
ي,يَ,يًّ,2
ي,يَ,يَّ,1
ي,يَ,يُّ,2
ي,يَ,يِّ,2
ي,يَ,يْ,1
ي,يَ,يٓ,1
ي,يَ,ي۟,1
ي,يُ,يِ,1
ي,يُ,يًّ,2
ي,يُ,يَّ,2
ي,يُ,يُّ,1
ي,يُ,يِّ,2
ي,يُ,يْ,1
ي,يُ,يٓ,1
ي,يُ,ي۟,1
ي,يِ,يًّ,2
ي,يِ,يَّ,2
ي,يِ,يُّ,2
ي,يِ,يِّ,1
ي,يِ,يْ,1
ي,يِ,يٓ,1
ي,يِ,ي۟,1
ي,يًّ,يَّ,1
ي,يًّ,يُّ,1
ي,يًّ,يِّ,1
ي,يًّ,يْ,2
ي,يًّ,يٓ,2
ي,يًّ,ي۟,2
ي,يَّ,يُّ,1
ي,يَّ,يِّ,1
ي,يَّ,يْ,2
ي,يَّ,يٓ,2
ي,يَّ,ي۟,2
ي,يُّ,يِّ,1
ي,يُّ,يْ,2
ي,يُّ,يٓ,2
ي,يُّ,ي۟,2
ي,يِّ,يْ,2
ي,يِّ,يٓ,2
ي,يِّ,ي۟,2
ي,يْ,يٓ,1
ي,يْ,ي۟,1
ي,يٓ,ي۟,1
ر,ر,رً,1
ر,ر,رٌ,1
ر,ر,رٍ,1
ر,ر,رَ,1
ر,ر,رَٰ,2
ر,ر,رَٰٓ,3
ر,ر,رَْٰٔ,4
ر,ر,رُ,1
ر,ر,رِ,1
ر,ر,رًّ,2
ر,ر,رٌّ,2
ر,ر,رٍّ,2
ر,ر,رَّ,2
ر,ر,رَّٰ,3
ر,ر,رُّ,2
ر,ر,رِّ,2
ر,ر,رْ,1
ر,رً,رٌ,1
ر,رً,رٍ,1
ر,رً,رَ,1
ر,رً,رَٰ,2
ر,رً,رَٰٓ,3
ر,رً,رَْٰٔ,4
ر,رً,رُ,1
ر,رً,رِ,1
ر,رً,رًّ,1
ر,رً,رٌّ,2
ر,رً,رٍّ,2
ر,رً,رَّ,2
ر,رً,رَّٰ,3
ر,رً,رُّ,2
ر,رً,رِّ,2
ر,رً,رْ,1
ر,رٌ,رٍ,1
ر,رٌ,رَ,1
ر,رٌ,رَٰ,2
ر,رٌ,رَٰٓ,3
ر,رٌ,رَْٰٔ,4
ر,رٌ,رُ,1
ر,رٌ,رِ,1
ر,رٌ,رًّ,2
ر,رٌ,رٌّ,1
ر,رٌ,رٍّ,2
ر,رٌ,رَّ,2
ر,رٌ,رَّٰ,3
ر,رٌ,رُّ,2
ر,رٌ,رِّ,2
ر,رٌ,رْ,1
ر,رٍ,رَ,1
ر,رٍ,رَٰ,2
ر,رٍ,رَٰٓ,3
ر,رٍ,رَْٰٔ,4
ر,رٍ,رُ,1
ر,رٍ,رِ,1
ر,رٍ,رًّ,2
ر,رٍ,رٌّ,2
ر,رٍ,رٍّ,1
ر,رٍ,رَّ,2
ر,رٍ,رَّٰ,3
ر,رٍ,رُّ,2
ر,رٍ,رِّ,2
ر,رٍ,رْ,1
ر,رَ,رَٰ,1
ر,رَ,رَٰٓ,2
ر,رَ,رَْٰٔ,3
ر,رَ,رُ,1
ر,رَ,رِ,1
ر,رَ,رًّ,2
ر,رَ,رٌّ,2
ر,رَ,رٍّ,2
ر,رَ,رَّ,1
ر,رَ,رَّٰ,2
ر,رَ,رُّ,2
ر,رَ,رِّ,2
ر,رَ,رْ,1
ر,رَٰ,رَٰٓ,1
ر,رَٰ,رَْٰٔ,2
ر,رَٰ,رُ,2
ر,رَٰ,رِ,2
ر,رَٰ,رًّ,2
ر,رَٰ,رٌّ,2
ر,رَٰ,رٍّ,2
ر,رَٰ,رَّ,2
ر,رَٰ,رَّٰ,1
ر,رَٰ,رُّ,2
ر,رَٰ,رِّ,2
ر,رَٰ,رْ,2
ر,رَٰٓ,رَْٰٔ,2
ر,رَٰٓ,رُ,3
ر,رَٰٓ,رِ,3
ر,رَٰٓ,رًّ,3
ر,رَٰٓ,رٌّ,3
ر,رَٰٓ,رٍّ,3
ر,رَٰٓ,رَّ,3
ر,رَٰٓ,رَّٰ,2
ر,رَٰٓ,رُّ,3
ر,رَٰٓ,رِّ,3
ر,رَٰٓ,رْ,3
ر,رَْٰٔ,رُ,4
ر,رَْٰٔ,رِ,4
ر,رَْٰٔ,رًّ,4
ر,رَْٰٔ,رٌّ,4
ر,رَْٰٔ,رٍّ,4
ر,رَْٰٔ,رَّ,4
ر,رَْٰٔ,رَّٰ,3
ر,رَْٰٔ,رُّ,4
ر,رَْٰٔ,رِّ,4
ر,رَْٰٔ,رْ,3
ر,رُ,رِ,1
ر,رُ,رًّ,2
ر,رُ,رٌّ,2
ر,رُ,رٍّ,2
ر,رُ,رَّ,2
ر,رُ,رَّٰ,3
ر,رُ,رُّ,1
ر,رُ,رِّ,2
ر,رُ,رْ,1
ر,رِ,رًّ,2
ر,رِ,رٌّ,2
ر,رِ,رٍّ,2
ر,رِ,رَّ,2
ر,رِ,رَّٰ,3
ر,رِ,رُّ,2
ر,رِ,رِّ,1
ر,رِ,رْ,1
ر,رًّ,رٌّ,1
ر,رًّ,رٍّ,1
ر,رًّ,رَّ,1
ر,رًّ,رَّٰ,2
ر,رًّ,رُّ,1
ر,رًّ,رِّ,1
ر,رًّ,رْ,2
ر,رٌّ,رٍّ,1
ر,رٌّ,رَّ,1
ر,رٌّ,رَّٰ,2
ر,رٌّ,رُّ,1
ر,رٌّ,رِّ,1
ر,رٌّ,رْ,2
ر,رٍّ,رَّ,1
ر,رٍّ,رَّٰ,2
ر,رٍّ,رُّ,1
ر,رٍّ,رِّ,1
ر,رٍّ,رْ,2
ر,رَّ,رَّٰ,1
ر,رَّ,رُّ,1
ر,رَّ,رِّ,1
ر,رَّ,رْ,2
ر,رَّٰ,رُّ,2
ر,رَّٰ,رِّ,2
ر,رَّٰ,رْ,3
ر,رُّ,رِّ,1
ر,رُّ,رْ,2
ر,رِّ,رْ,2
ب,ب,بً,1
ب,ب,بٌ,1
ب,ب,بٍ,1
ب,ب,بَ,1
ب,ب,بُ,1
ب,ب,بِ,1
ب,ب,بًّ,2
ب,ب,بٌّ,2
ب,ب,بٍّ,2
ب,ب,بَّ,2
ب,ب,بُّ,2
ب,ب,بِّ,2
ب,ب,بْ,1
ب,بً,بٌ,1
ب,بً,بٍ,1
ب,بً,بَ,1
ب,بً,بُ,1
ب,بً,بِ,1
ب,بً,بًّ,1
ب,بً,بٌّ,2
ب,بً,بٍّ,2
ب,بً,بَّ,2
ب,بً,بُّ,2
ب,بً,بِّ,2
ب,بً,بْ,1
ب,بٌ,بٍ,1
ب,بٌ,بَ,1
ب,بٌ,بُ,1
ب,بٌ,بِ,1
ب,بٌ,بًّ,2
ب,بٌ,بٌّ,1
ب,بٌ,بٍّ,2
ب,بٌ,بَّ,2
ب,بٌ,بُّ,2
ب,بٌ,بِّ,2
ب,بٌ,بْ,1
ب,بٍ,بَ,1
ب,بٍ,بُ,1
ب,بٍ,بِ,1
ب,بٍ,بًّ,2
ب,بٍ,بٌّ,2
ب,بٍ,بٍّ,1
ب,بٍ,بَّ,2
ب,بٍ,بُّ,2
ب,بٍ,بِّ,2
ب,بٍ,بْ,1
ب,بَ,بُ,1
ب,بَ,بِ,1
ب,بَ,بًّ,2
ب,بَ,بٌّ,2
ب,بَ,بٍّ,2
ب,بَ,بَّ,1
ب,بَ,بُّ,2
ب,بَ,بِّ,2
ب,بَ,بْ,1
ب,بُ,بِ,1
ب,بُ,بًّ,2
ب,بُ,بٌّ,2
ب,بُ,بٍّ,2
ب,بُ,بَّ,2
ب,بُ,بُّ,1
ب,بُ,بِّ,2
ب,بُ,بْ,1
ب,بِ,بًّ,2
ب,بِ,بٌّ,2
ب,بِ,بٍّ,2
ب,بِ,بَّ,2
ب,بِ,بُّ,2
ب,بِ,بِّ,1
ب,بِ,بْ,1
ب,بًّ,بٌّ,1
ب,بًّ,بٍّ,1
ب,بًّ,بَّ,1
ب,بًّ,بُّ,1
ب,بًّ,بِّ,1
ب,بًّ,بْ,2
ب,بٌّ,بٍّ,1
ب,بٌّ,بَّ,1
ب,بٌّ,بُّ,1
ب,بٌّ,بِّ,1
ب,بٌّ,بْ,2
ب,بٍّ,بَّ,1
ب,بٍّ,بُّ,1
ب,بٍّ,بِّ,1
ب,بٍّ,بْ,2
ب,بَّ,بُّ,1
ب,بَّ,بِّ,1
ب,بَّ,بْ,2
ب,بُّ,بِّ,1
ب,بُّ,بْ,2
ب,بِّ,بْ,2
ك,كً,كٌ,1
ك,كً,كٍ,1
ك,كً,كَ,1
ك,كً,كُ,1
ك,كً,كِ,1
ك,كً,كًّ,1
ك,كً,كٌّ,2
ك,كً,كٍّ,2
ك,كً,كَّ,2
ك,كً,كُّ,2
ك,كً,كِّ,2
ك,كً,كْ,1
ك,كً,كٓ,1
ك,كٌ,كٍ,1
ك,كٌ,كَ,1
ك,كٌ,كُ,1
ك,كٌ,كِ,1
ك,كٌ,كًّ,2
ك,كٌ,كٌّ,1
ك,كٌ,كٍّ,2
ك,كٌ,كَّ,2
ك,كٌ,كُّ,2
ك,كٌ,كِّ,2
ك,كٌ,كْ,1
ك,كٌ,كٓ,1
ك,كٍ,كَ,1
ك,كٍ,كُ,1
ك,كٍ,كِ,1
ك,كٍ,كًّ,2
ك,كٍ,كٌّ,2
ك,كٍ,كٍّ,1
ك,كٍ,كَّ,2
ك,كٍ,كُّ,2
ك,كٍ,كِّ,2
ك,كٍ,كْ,1
ك,كٍ,كٓ,1
ك,كَ,كُ,1
ك,كَ,كِ,1
ك,كَ,كًّ,2
ك,كَ,كٌّ,2
ك,كَ,كٍّ,2
ك,كَ,كَّ,1
ك,كَ,كُّ,2
ك,كَ,كِّ,2
ك,كَ,كْ,1
ك,كَ,كٓ,1
ك,كُ,كِ,1
ك,كُ,كًّ,2
ك,كُ,كٌّ,2
ك,كُ,كٍّ,2
ك,كُ,كَّ,2
ك,كُ,كُّ,1
ك,كُ,كِّ,2
ك,كُ,كْ,1
ك,كُ,كٓ,1
ك,كِ,كًّ,2
ك,كِ,كٌّ,2
ك,كِ,كٍّ,2
ك,كِ,كَّ,2
ك,كِ,كُّ,2
ك,كِ,كِّ,1
ك,كِ,كْ,1
ك,كِ,كٓ,1
ك,كًّ,كٌّ,1
ك,كًّ,كٍّ,1
ك,كًّ,كَّ,1
ك,كًّ,كُّ,1
ك,كًّ,كِّ,1
ك,كًّ,كْ,2
ك,كًّ,كٓ,2
ك,كٌّ,كٍّ,1
ك,كٌّ,كَّ,1
ك,كٌّ,كُّ,1
ك,كٌّ,كِّ,1
ك,كٌّ,كْ,2
ك,كٌّ,كٓ,2
ك,كٍّ,كَّ,1
ك,كٍّ,كُّ,1
ك,كٍّ,كِّ,1
ك,كٍّ,كْ,2
ك,كٍّ,كٓ,2
ك,كَّ,كُّ,1
ك,كَّ,كِّ,1
ك,كَّ,كْ,2
ك,كَّ,كٓ,2
ك,كُّ,كِّ,1
ك,كُّ,كْ,2
ك,كُّ,كٓ,2
ك,كِّ,كْ,2
ك,كِّ,كٓ,2
ك,كْ,كٓ,1
ت,ت,تً,1
ت,ت,تٌ,1
ت,ت,تٍ,1
ت,ت,تَ,1
ت,ت,تُ,1
ت,ت,تِ,1
ت,ت,تَّ,2
ت,ت,تُّ,2
ت,ت,تِّ,2
ت,ت,تْ,1
ت,تً,تٌ,1
ت,تً,تٍ,1
ت,تً,تَ,1
ت,تً,تُ,1
ت,تً,تِ,1
ت,تً,تَّ,2
ت,تً,تُّ,2
ت,تً,تِّ,2
ت,تً,تْ,1
ت,تٌ,تٍ,1
ت,تٌ,تَ,1
ت,تٌ,تُ,1
ت,تٌ,تِ,1
ت,تٌ,تَّ,2
ت,تٌ,تُّ,2
ت,تٌ,تِّ,2
ت,تٌ,تْ,1
ت,تٍ,تَ,1
ت,تٍ,تُ,1
ت,تٍ,تِ,1
ت,تٍ,تَّ,2
ت,تٍ,تُّ,2
ت,تٍ,تِّ,2
ت,تٍ,تْ,1
ت,تَ,تُ,1
ت,تَ,تِ,1
ت,تَ,تَّ,1
ت,تَ,تُّ,2
ت,تَ,تِّ,2
ت,تَ,تْ,1
ت,تُ,تِ,1
ت,تُ,تَّ,2
ت,تُ,تُّ,1
ت,تُ,تِّ,2
ت,تُ,تْ,1
ت,تِ,تَّ,2
ت,تِ,تُّ,2
ت,تِ,تِّ,1
ت,تِ,تْ,1
ت,تَّ,تُّ,1
ت,تَّ,تِّ,1
ت,تَّ,تْ,2
ت,تُّ,تِّ,1
ت,تُّ,تْ,2
ت,تِّ,تْ,2
ع,ع,عً,1
ع,ع,عٌ,1
ع,ع,عٍ,1
ع,ع,عَ,1
ع,ع,عُ,1
ع,ع,عِ,1
ع,ع,عًّ,2
ع,ع,عَّ,2
ع,ع,عُّ,2
ع,ع,عِّ,2
ع,ع,عْ,1
ع,ع,عٓ,1
ع,عً,عٌ,1
ع,عً,عٍ,1
ع,عً,عَ,1
ع,عً,عُ,1
ع,عً,عِ,1
ع,عً,عًّ,1
ع,عً,عَّ,2
ع,عً,عُّ,2
ع,عً,عِّ,2
ع,عً,عْ,1
ع,عً,عٓ,1
ع,عٌ,عٍ,1
ع,عٌ,عَ,1
ع,عٌ,عُ,1
ع,عٌ,عِ,1
ع,عٌ,عًّ,2
ع,عٌ,عَّ,2
ع,عٌ,عُّ,2
ع,عٌ,عِّ,2
ع,عٌ,عْ,1
ع,عٌ,عٓ,1
ع,عٍ,عَ,1
ع,عٍ,عُ,1
ع,عٍ,عِ,1
ع,عٍ,عًّ,2
ع,عٍ,عَّ,2
ع,عٍ,عُّ,2
ع,عٍ,عِّ,2
ع,عٍ,عْ,1
ع,عٍ,عٓ,1
ع,عَ,عُ,1
ع,عَ,عِ,1
ع,عَ,عًّ,2
ع,عَ,عَّ,1
ع,عَ,عُّ,2
ع,عَ,عِّ,2
ع,عَ,عْ,1
ع,عَ,عٓ,1
ع,عُ,عِ,1
ع,عُ,عًّ,2
ع,عُ,عَّ,2
ع,عُ,عُّ,1
ع,عُ,عِّ,2
ع,عُ,عْ,1
ع,عُ,عٓ,1
ع,عِ,عًّ,2
ع,عِ,عَّ,2
ع,عِ,عُّ,2
ع,عِ,عِّ,1
ع,عِ,عْ,1
ع,عِ,عٓ,1
ع,عًّ,عَّ,1
ع,عًّ,عُّ,1
ع,عًّ,عِّ,1
ع,عًّ,عْ,2
ع,عًّ,عٓ,2
ع,عَّ,عُّ,1
ع,عَّ,عِّ,1
ع,عَّ,عْ,2
ع,عَّ,عٓ,2
ع,عُّ,عِّ,1
ع,عُّ,عْ,2
ع,عُّ,عٓ,2
ع,عِّ,عْ,2
ع,عِّ,عٓ,2
ع,عْ,عٓ,1
أ,أٌ,أَ,1
أ,أٌ,أُ,1
أ,أٌ,أْ,1
أ,أَ,أُ,1
أ,أَ,أْ,1
أ,أُ,أْ,1
ف,ف,فً,1
ف,ف,فٌ,1
ف,ف,فٍ,1
ف,ف,فَ,1
ف,ف,فُ,1
ف,ف,فِ,1
ف,ف,فًّ,2
ف,ف,فٍّ,2
ف,ف,فَّ,2
ف,ف,فُّ,2
ف,ف,فِّ,2
ف,ف,فْ,1
ف,فً,فٌ,1
ف,فً,فٍ,1
ف,فً,فَ,1
ف,فً,فُ,1
ف,فً,فِ,1
ف,فً,فًّ,1
ف,فً,فٍّ,2
ف,فً,فَّ,2
ف,فً,فُّ,2
ف,فً,فِّ,2
ف,فً,فْ,1
ف,فٌ,فٍ,1
ف,فٌ,فَ,1
ف,فٌ,فُ,1
ف,فٌ,فِ,1
ف,فٌ,فًّ,2
ف,فٌ,فٍّ,2
ف,فٌ,فَّ,2
ف,فٌ,فُّ,2
ف,فٌ,فِّ,2
ف,فٌ,فْ,1
ف,فٍ,فَ,1
ف,فٍ,فُ,1
ف,فٍ,فِ,1
ف,فٍ,فًّ,2
ف,فٍ,فٍّ,1
ف,فٍ,فَّ,2
ف,فٍ,فُّ,2
ف,فٍ,فِّ,2
ف,فٍ,فْ,1
ف,فَ,فُ,1
ف,فَ,فِ,1
ف,فَ,فًّ,2
ف,فَ,فٍّ,2
ف,فَ,فَّ,1
ف,فَ,فُّ,2
ف,فَ,فِّ,2
ف,فَ,فْ,1
ف,فُ,فِ,1
ف,فُ,فًّ,2
ف,فُ,فٍّ,2
ف,فُ,فَّ,2
ف,فُ,فُّ,1
ف,فُ,فِّ,2
ف,فُ,فْ,1
ف,فِ,فًّ,2
ف,فِ,فٍّ,2
ف,فِ,فَّ,2
ف,فِ,فُّ,2
ف,فِ,فِّ,1
ف,فِ,فْ,1
ف,فًّ,فٍّ,1
ف,فًّ,فَّ,1
ف,فًّ,فُّ,1
ف,فًّ,فِّ,1
ف,فًّ,فْ,2
ف,فٍّ,فَّ,1
ف,فٍّ,فُّ,1
ف,فٍّ,فِّ,1
ف,فٍّ,فْ,2
ف,فَّ,فُّ,1
ف,فَّ,فِّ,1
ف,فَّ,فْ,2
ف,فُّ,فِّ,1
ف,فُّ,فْ,2
ف,فِّ,فْ,2
ـ,ـ,ـًٔ,2
ـ,ـ,ـَٔ,2
ـ,ـ,ـُٔ,2
ـ,ـ,ـِٔ,2
ـ,ـ,ـْٔ,2
ـ,ـ,ـٰ,1
ـ,ـ,ـٰٓ,2
ـ,ـ,ـۥٓ,2
ـ,ـًٔ,ـَٔ,1
ـ,ـًٔ,ـُٔ,1
ـ,ـًٔ,ـِٔ,1
ـ,ـًٔ,ـْٔ,1
ـ,ـًٔ,ـٰ,2
ـ,ـًٔ,ـٰٓ,2
ـ,ـًٔ,ـۥٓ,2
ـ,ـَٔ,ـُٔ,1
ـ,ـَٔ,ـِٔ,1
ـ,ـَٔ,ـْٔ,1
ـ,ـَٔ,ـٰ,2
ـ,ـَٔ,ـٰٓ,2
ـ,ـَٔ,ـۥٓ,2
ـ,ـُٔ,ـِٔ,1
ـ,ـُٔ,ـْٔ,1
ـ,ـُٔ,ـٰ,2
ـ,ـُٔ,ـٰٓ,2
ـ,ـُٔ,ـۥٓ,2
ـ,ـِٔ,ـْٔ,1
ـ,ـِٔ,ـٰ,2
ـ,ـِٔ,ـٰٓ,2
ـ,ـِٔ,ـۥٓ,2
ـ,ـْٔ,ـٰ,2
ـ,ـْٔ,ـٰٓ,2
ـ,ـْٔ,ـۥٓ,2
ـ,ـٰ,ـٰٓ,1
ـ,ـٰ,ـۥٓ,2
ـ,ـٰٓ,ـۥٓ,1
ٱل,ٱلِ,ٱلَّ,2
ٱل,ٱلِ,ٱلْ,1
ٱل,ٱلَّ,ٱلْ,2
ق,قً,قٌ,1
ق,قً,قٍ,1
ق,قً,قَ,1
ق,قً,قُ,1
ق,قً,قِ,1
ق,قً,قًّ,1
ق,قً,قٌّ,2
ق,قً,قٍّ,2
ق,قً,قَّ,2
ق,قً,قُّ,2
ق,قً,قِّ,2
ق,قً,قْ,1
ق,قً,قٓ,1
ق,قٌ,قٍ,1
ق,قٌ,قَ,1
ق,قٌ,قُ,1
ق,قٌ,قِ,1
ق,قٌ,قًّ,2
ق,قٌ,قٌّ,1
ق,قٌ,قٍّ,2
ق,قٌ,قَّ,2
ق,قٌ,قُّ,2
ق,قٌ,قِّ,2
ق,قٌ,قْ,1
ق,قٌ,قٓ,1
ق,قٍ,قَ,1
ق,قٍ,قُ,1
ق,قٍ,قِ,1
ق,قٍ,قًّ,2
ق,قٍ,قٌّ,2
ق,قٍ,قٍّ,1
ق,قٍ,قَّ,2
ق,قٍ,قُّ,2
ق,قٍ,قِّ,2
ق,قٍ,قْ,1
ق,قٍ,قٓ,1
ق,قَ,قُ,1
ق,قَ,قِ,1
ق,قَ,قًّ,2
ق,قَ,قٌّ,2
ق,قَ,قٍّ,2
ق,قَ,قَّ,1
ق,قَ,قُّ,2
ق,قَ,قِّ,2
ق,قَ,قْ,1
ق,قَ,قٓ,1
ق,قُ,قِ,1
ق,قُ,قًّ,2
ق,قُ,قٌّ,2
ق,قُ,قٍّ,2
ق,قُ,قَّ,2
ق,قُ,قُّ,1
ق,قُ,قِّ,2
ق,قُ,قْ,1
ق,قُ,قٓ,1
ق,قِ,قًّ,2
ق,قِ,قٌّ,2
ق,قِ,قٍّ,2
ق,قِ,قَّ,2
ق,قِ,قُّ,2
ق,قِ,قِّ,1
ق,قِ,قْ,1
ق,قِ,قٓ,1
ق,قًّ,قٌّ,1
ق,قًّ,قٍّ,1
ق,قًّ,قَّ,1
ق,قًّ,قُّ,1
ق,قًّ,قِّ,1
ق,قًّ,قْ,2
ق,قًّ,قٓ,2
ق,قٌّ,قٍّ,1
ق,قٌّ,قَّ,1
ق,قٌّ,قُّ,1
ق,قٌّ,قِّ,1
ق,قٌّ,قْ,2
ق,قٌّ,قٓ,2
ق,قٍّ,قَّ,1
ق,قٍّ,قُّ,1
ق,قٍّ,قِّ,1
ق,قٍّ,قْ,2
ق,قٍّ,قٓ,2
ق,قَّ,قُّ,1
ق,قَّ,قِّ,1
ق,قَّ,قْ,2
ق,قَّ,قٓ,2
ق,قُّ,قِّ,1
ق,قُّ,قْ,2
ق,قُّ,قٓ,2
ق,قِّ,قْ,2
ق,قِّ,قٓ,2
ق,قْ,قٓ,1
ى,ى,ىٌ,1
ى,ى,ىَ,1
ى,ى,ىُ,1
ى,ى,ىِ,1
ى,ى,ىِۦ,2
ى,ى,ىِۦٓ,3
ى,ى,ىٌّ,2
ى,ى,ىٍّ,2
ى,ى,ىَّ,2
ى,ى,ىُّ,2
ى,ى,ىِّ,2
ى,ى,ىِّۦ,3
ى,ى,ىْ,1
ى,ى,ىٓ,1
ى,ى,ىٰ,1
ى,ى,ىٰٓ,2
ى,ى,ى۟,1
ى,ىٌ,ىَ,1
ى,ىٌ,ىُ,1
ى,ىٌ,ىِ,1
ى,ىٌ,ىِۦ,2
ى,ىٌ,ىِۦٓ,3
ى,ىٌ,ىٌّ,1
ى,ىٌ,ىٍّ,2
ى,ىٌ,ىَّ,2
ى,ىٌ,ىُّ,2
ى,ىٌ,ىِّ,2
ى,ىٌ,ىِّۦ,3
ى,ىٌ,ىْ,1
ى,ىٌ,ىٓ,1
ى,ىٌ,ىٰ,1
ى,ىٌ,ىٰٓ,2
ى,ىٌ,ى۟,1
ى,ىَ,ىُ,1
ى,ىَ,ىِ,1
ى,ىَ,ىِۦ,2
ى,ىَ,ىِۦٓ,3
ى,ىَ,ىٌّ,2
ى,ىَ,ىٍّ,2
ى,ىَ,ىَّ,1
ى,ىَ,ىُّ,2
ى,ىَ,ىِّ,2
ى,ىَ,ىِّۦ,3
ى,ىَ,ىْ,1
ى,ىَ,ىٓ,1
ى,ىَ,ىٰ,1
ى,ىَ,ىٰٓ,2
ى,ىَ,ى۟,1
ى,ىُ,ىِ,1
ى,ىُ,ىِۦ,2
ى,ىُ,ىِۦٓ,3
ى,ىُ,ىٌّ,2
ى,ىُ,ىٍّ,2
ى,ىُ,ىَّ,2
ى,ىُ,ىُّ,1
ى,ىُ,ىِّ,2
ى,ىُ,ىِّۦ,3
ى,ىُ,ىْ,1
ى,ىُ,ىٓ,1
ى,ىُ,ىٰ,1
ى,ىُ,ىٰٓ,2
ى,ىُ,ى۟,1
ى,ىِ,ىِۦ,1
ى,ىِ,ىِۦٓ,2
ى,ىِ,ىٌّ,2
ى,ىِ,ىٍّ,2
ى,ىِ,ىَّ,2
ى,ىِ,ىُّ,2
ى,ىِ,ىِّ,1
ى,ىِ,ىِّۦ,2
ى,ىِ,ىْ,1
ى,ىِ,ىٓ,1
ى,ىِ,ىٰ,1
ى,ىِ,ىٰٓ,2
ى,ىِ,ى۟,1
ى,ىِۦ,ىِۦٓ,1
ى,ىِۦ,ىٌّ,2
ى,ىِۦ,ىٍّ,2
ى,ىِۦ,ىَّ,2
ى,ىِۦ,ىُّ,2
ى,ىِۦ,ىِّ,2
ى,ىِۦ,ىِّۦ,1
ى,ىِۦ,ىْ,2
ى,ىِۦ,ىٓ,2
ى,ىِۦ,ىٰ,2
ى,ىِۦ,ىٰٓ,2
ى,ىِۦ,ى۟,2
ى,ىِۦٓ,ىٌّ,3
ى,ىِۦٓ,ىٍّ,3
ى,ىِۦٓ,ىَّ,3
ى,ىِۦٓ,ىُّ,3
ى,ىِۦٓ,ىِّ,3
ى,ىِۦٓ,ىِّۦ,2
ى,ىِۦٓ,ىْ,3
ى,ىِۦٓ,ىٓ,2
ى,ىِۦٓ,ىٰ,3
ى,ىِۦٓ,ىٰٓ,2
ى,ىِۦٓ,ى۟,3
ى,ىٌّ,ىٍّ,1
ى,ىٌّ,ىَّ,1
ى,ىٌّ,ىُّ,1
ى,ىٌّ,ىِّ,1
ى,ىٌّ,ىِّۦ,2
ى,ىٌّ,ىْ,2
ى,ىٌّ,ىٓ,2
ى,ىٌّ,ىٰ,2
ى,ىٌّ,ىٰٓ,2
ى,ىٌّ,ى۟,2
ى,ىٍّ,ىَّ,1
ى,ىٍّ,ىُّ,1
ى,ىٍّ,ىِّ,1
ى,ىٍّ,ىِّۦ,2
ى,ىٍّ,ىْ,2
ى,ىٍّ,ىٓ,2
ى,ىٍّ,ىٰ,2
ى,ىٍّ,ىٰٓ,2
ى,ىٍّ,ى۟,2
ى,ىَّ,ىُّ,1
ى,ىَّ,ىِّ,1
ى,ىَّ,ىِّۦ,2
ى,ىَّ,ىْ,2
ى,ىَّ,ىٓ,2
ى,ىَّ,ىٰ,2
ى,ىَّ,ىٰٓ,2
ى,ىَّ,ى۟,2
ى,ىُّ,ىِّ,1
ى,ىُّ,ىِّۦ,2
ى,ىُّ,ىْ,2
ى,ىُّ,ىٓ,2
ى,ىُّ,ىٰ,2
ى,ىُّ,ىٰٓ,2
ى,ىُّ,ى۟,2
ى,ىِّ,ىِّۦ,1
ى,ىِّ,ىْ,2
ى,ىِّ,ىٓ,2
ى,ىِّ,ىٰ,2
ى,ىِّ,ىٰٓ,2
ى,ىِّ,ى۟,2
ى,ىِّۦ,ىْ,3
ى,ىِّۦ,ىٓ,3
ى,ىِّۦ,ىٰ,3
ى,ىِّۦ,ىٰٓ,3
ى,ىِّۦ,ى۟,3
ى,ىْ,ىٓ,1
ى,ىْ,ىٰ,1
ى,ىْ,ىٰٓ,2
ى,ىْ,ى۟,1
ى,ىٓ,ىٰ,1
ى,ىٓ,ىٰٓ,1
ى,ىٓ,ى۟,1
ى,ىٰ,ىٰٓ,1
ى,ىٰ,ى۟,1
ى,ىٰٓ,ى۟,2
إ,إٍ,إِ,1
إ,إٍ,إِۦ,2
إ,إِ,إِۦ,1
ذ,ذ,ذً,1
ذ,ذ,ذٌ,1
ذ,ذ,ذٍ,1
ذ,ذ,ذَ,1
ذ,ذ,ذَٰ,2
ذ,ذ,ذُ,1
ذ,ذ,ذِ,1
ذ,ذ,ذَّ,2
ذ,ذ,ذَّٰ,3
ذ,ذ,ذُّ,2
ذ,ذ,ذِّ,2
ذ,ذ,ذْ,1
ذ,ذً,ذٌ,1
ذ,ذً,ذٍ,1
ذ,ذً,ذَ,1
ذ,ذً,ذَٰ,2
ذ,ذً,ذُ,1
ذ,ذً,ذِ,1
ذ,ذً,ذَّ,2
ذ,ذً,ذَّٰ,3
ذ,ذً,ذُّ,2
ذ,ذً,ذِّ,2
ذ,ذً,ذْ,1
ذ,ذٌ,ذٍ,1
ذ,ذٌ,ذَ,1
ذ,ذٌ,ذَٰ,2
ذ,ذٌ,ذُ,1
ذ,ذٌ,ذِ,1
ذ,ذٌ,ذَّ,2
ذ,ذٌ,ذَّٰ,3
ذ,ذٌ,ذُّ,2
ذ,ذٌ,ذِّ,2
ذ,ذٌ,ذْ,1
ذ,ذٍ,ذَ,1
ذ,ذٍ,ذَٰ,2
ذ,ذٍ,ذُ,1
ذ,ذٍ,ذِ,1
ذ,ذٍ,ذَّ,2
ذ,ذٍ,ذَّٰ,3
ذ,ذٍ,ذُّ,2
ذ,ذٍ,ذِّ,2
ذ,ذٍ,ذْ,1
ذ,ذَ,ذَٰ,1
ذ,ذَ,ذُ,1
ذ,ذَ,ذِ,1
ذ,ذَ,ذَّ,1
ذ,ذَ,ذَّٰ,2
ذ,ذَ,ذُّ,2
ذ,ذَ,ذِّ,2
ذ,ذَ,ذْ,1
ذ,ذَٰ,ذُ,2
ذ,ذَٰ,ذِ,2
ذ,ذَٰ,ذَّ,2
ذ,ذَٰ,ذَّٰ,1
ذ,ذَٰ,ذُّ,2
ذ,ذَٰ,ذِّ,2
ذ,ذَٰ,ذْ,2
ذ,ذُ,ذِ,1
ذ,ذُ,ذَّ,2
ذ,ذُ,ذَّٰ,3
ذ,ذُ,ذُّ,1
ذ,ذُ,ذِّ,2
ذ,ذُ,ذْ,1
ذ,ذِ,ذَّ,2
ذ,ذِ,ذَّٰ,3
ذ,ذِ,ذُّ,2
ذ,ذِ,ذِّ,1
ذ,ذِ,ذْ,1
ذ,ذَّ,ذَّٰ,1
ذ,ذَّ,ذُّ,1
ذ,ذَّ,ذِّ,1
ذ,ذَّ,ذْ,2
ذ,ذَّٰ,ذُّ,2
ذ,ذَّٰ,ذِّ,2
ذ,ذَّٰ,ذْ,3
ذ,ذُّ,ذِّ,1
ذ,ذُّ,ذْ,2
ذ,ذِّ,ذْ,2
س,سً,سٌ,1
س,سً,سٍ,1
س,سً,سَ,1
س,سً,سُ,1
س,سً,سِ,1
س,سً,سًّ,1
س,سً,سَّ,2
س,سً,سُّ,2
س,سً,سِّ,2
س,سً,سْ,1
س,سً,سٓ,1
س,سٌ,سٍ,1
س,سٌ,سَ,1
س,سٌ,سُ,1
س,سٌ,سِ,1
س,سٌ,سًّ,2
س,سٌ,سَّ,2
س,سٌ,سُّ,2
س,سٌ,سِّ,2
س,سٌ,سْ,1
س,سٌ,سٓ,1
س,سٍ,سَ,1
س,سٍ,سُ,1
س,سٍ,سِ,1
س,سٍ,سًّ,2
س,سٍ,سَّ,2
س,سٍ,سُّ,2
س,سٍ,سِّ,2
س,سٍ,سْ,1
س,سٍ,سٓ,1
س,سَ,سُ,1
س,سَ,سِ,1
س,سَ,سًّ,2
س,سَ,سَّ,1
س,سَ,سُّ,2
س,سَ,سِّ,2
س,سَ,سْ,1
س,سَ,سٓ,1
س,سُ,سِ,1
س,سُ,سًّ,2
س,سُ,سَّ,2
س,سُ,سُّ,1
س,سُ,سِّ,2
س,سُ,سْ,1
س,سُ,سٓ,1
س,سِ,سًّ,2
س,سِ,سَّ,2
س,سِ,سُّ,2
س,سِ,سِّ,1
س,سِ,سْ,1
س,سِ,سٓ,1
س,سًّ,سَّ,1
س,سًّ,سُّ,1
س,سًّ,سِّ,1
س,سًّ,سْ,2
س,سًّ,سٓ,2
س,سَّ,سُّ,1
س,سَّ,سِّ,1
س,سَّ,سْ,2
س,سَّ,سٓ,2
س,سُّ,سِّ,1
س,سُّ,سْ,2
س,سُّ,سٓ,2
س,سِّ,سْ,2
س,سِّ,سٓ,2
س,سْ,سٓ,1
د,د,دً,1
د,د,دٌ,1
د,د,دٍ,1
د,د,دَ,1
د,د,دَٰ,2
د,د,دُ,1
د,د,دِ,1
د,د,دًّ,2
د,د,دٌّ,2
د,د,دٍّ,2
د,د,دَّ,2
د,د,دُّ,2
د,د,دِّ,2
د,د,دْ,1
د,دً,دٌ,1
د,دً,دٍ,1
د,دً,دَ,1
د,دً,دَٰ,2
د,دً,دُ,1
د,دً,دِ,1
د,دً,دًّ,1
د,دً,دٌّ,2
د,دً,دٍّ,2
د,دً,دَّ,2
د,دً,دُّ,2
د,دً,دِّ,2
د,دً,دْ,1
د,دٌ,دٍ,1
د,دٌ,دَ,1
د,دٌ,دَٰ,2
د,دٌ,دُ,1
د,دٌ,دِ,1
د,دٌ,دًّ,2
د,دٌ,دٌّ,1
د,دٌ,دٍّ,2
د,دٌ,دَّ,2
د,دٌ,دُّ,2
د,دٌ,دِّ,2
د,دٌ,دْ,1
د,دٍ,دَ,1
د,دٍ,دَٰ,2
د,دٍ,دُ,1
د,دٍ,دِ,1
د,دٍ,دًّ,2
د,دٍ,دٌّ,2
د,دٍ,دٍّ,1
د,دٍ,دَّ,2
د,دٍ,دُّ,2
د,دٍ,دِّ,2
د,دٍ,دْ,1
د,دَ,دَٰ,1
د,دَ,دُ,1
د,دَ,دِ,1
د,دَ,دًّ,2
د,دَ,دٌّ,2
د,دَ,دٍّ,2
د,دَ,دَّ,1
د,دَ,دُّ,2
د,دَ,دِّ,2
د,دَ,دْ,1
د,دَٰ,دُ,2
د,دَٰ,دِ,2
د,دَٰ,دًّ,2
د,دَٰ,دٌّ,2
د,دَٰ,دٍّ,2
د,دَٰ,دَّ,2
د,دَٰ,دُّ,2
د,دَٰ,دِّ,2
د,دَٰ,دْ,2
د,دُ,دِ,1
د,دُ,دًّ,2
د,دُ,دٌّ,2
د,دُ,دٍّ,2
د,دُ,دَّ,2
د,دُ,دُّ,1
د,دُ,دِّ,2
د,دُ,دْ,1
د,دِ,دًّ,2
د,دِ,دٌّ,2
د,دِ,دٍّ,2
د,دِ,دَّ,2
د,دِ,دُّ,2
د,دِ,دِّ,1
د,دِ,دْ,1
د,دًّ,دٌّ,1
د,دًّ,دٍّ,1
د,دًّ,دَّ,1
د,دًّ,دُّ,1
د,دًّ,دِّ,1
د,دًّ,دْ,2
د,دٌّ,دٍّ,1
د,دٌّ,دَّ,1
د,دٌّ,دُّ,1
د,دٌّ,دِّ,1
د,دٌّ,دْ,2
د,دٍّ,دَّ,1
د,دٍّ,دُّ,1
د,دٍّ,دِّ,1
د,دٍّ,دْ,2
د,دَّ,دُّ,1
د,دَّ,دِّ,1
د,دَّ,دْ,2
د,دُّ,دِّ,1
د,دُّ,دْ,2
د,دِّ,دْ,2
ح,حً,حٌ,1
ح,حً,حٍ,1
ح,حً,حَ,1
ح,حً,حُ,1
ح,حً,حِ,1
ح,حً,حَّ,2
ح,حً,حِّ,2
ح,حً,حْ,1
ح,حٌ,حٍ,1
ح,حٌ,حَ,1
ح,حٌ,حُ,1
ح,حٌ,حِ,1
ح,حٌ,حَّ,2
ح,حٌ,حِّ,2
ح,حٌ,حْ,1
ح,حٍ,حَ,1
ح,حٍ,حُ,1
ح,حٍ,حِ,1
ح,حٍ,حَّ,2
ح,حٍ,حِّ,2
ح,حٍ,حْ,1
ح,حَ,حُ,1
ح,حَ,حِ,1
ح,حَ,حَّ,1
ح,حَ,حِّ,2
ح,حَ,حْ,1
ح,حُ,حِ,1
ح,حُ,حَّ,2
ح,حُ,حِّ,2
ح,حُ,حْ,1
ح,حِ,حَّ,2
ح,حِ,حِّ,1
ح,حِ,حْ,1
ح,حَّ,حِّ,1
ح,حَّ,حْ,2
ح,حِّ,حْ,2
ون,ونً,ونٌ,1
ون,ونً,ونٍ,1
ون,ونً,ونَ,1
ون,ونً,ونُ,1
ون,ونً,ونِ,1
ون,ونٌ,ونٍ,1
ون,ونٌ,ونَ,1
ون,ونٌ,ونُ,1
ون,ونٌ,ونِ,1
ون,ونٍ,ونَ,1
ون,ونٍ,ونُ,1
ون,ونٍ,ونِ,1
ون,ونَ,ونُ,1
ون,ونَ,ونِ,1
ون,ونُ,ونِ,1
ج,جً,جٌ,1
ج,جً,جٍ,1
ج,جً,جَ,1
ج,جً,جُ,1
ج,جً,جِ,1
ج,جً,جًّ,1
ج,جً,جٍّ,2
ج,جً,جَّ,2
ج,جً,جُّ,2
ج,جً,جِّ,2
ج,جً,جْ,1
ج,جٌ,جٍ,1
ج,جٌ,جَ,1
ج,جٌ,جُ,1
ج,جٌ,جِ,1
ج,جٌ,جًّ,2
ج,جٌ,جٍّ,2
ج,جٌ,جَّ,2
ج,جٌ,جُّ,2
ج,جٌ,جِّ,2
ج,جٌ,جْ,1
ج,جٍ,جَ,1
ج,جٍ,جُ,1
ج,جٍ,جِ,1
ج,جٍ,جًّ,2
ج,جٍ,جٍّ,1
ج,جٍ,جَّ,2
ج,جٍ,جُّ,2
ج,جٍ,جِّ,2
ج,جٍ,جْ,1
ج,جَ,جُ,1
ج,جَ,جِ,1
ج,جَ,جًّ,2
ج,جَ,جٍّ,2
ج,جَ,جَّ,1
ج,جَ,جُّ,2
ج,جَ,جِّ,2
ج,جَ,جْ,1
ج,جُ,جِ,1
ج,جُ,جًّ,2
ج,جُ,جٍّ,2
ج,جُ,جَّ,2
ج,جُ,جُّ,1
ج,جُ,جِّ,2
ج,جُ,جْ,1
ج,جِ,جًّ,2
ج,جِ,جٍّ,2
ج,جِ,جَّ,2
ج,جِ,جُّ,2
ج,جِ,جِّ,1
ج,جِ,جْ,1
ج,جًّ,جٍّ,1
ج,جًّ,جَّ,1
ج,جًّ,جُّ,1
ج,جًّ,جِّ,1
ج,جًّ,جْ,2
ج,جٍّ,جَّ,1
ج,جٍّ,جُّ,1
ج,جٍّ,جِّ,1
ج,جٍّ,جْ,2
ج,جَّ,جُّ,1
ج,جَّ,جِّ,1
ج,جَّ,جْ,2
ج,جُّ,جِّ,1
ج,جُّ,جْ,2
ج,جِّ,جْ,2
ين,ينً,ينٌ,1
ين,ينً,ينٍ,1
ين,ينً,ينَ,1
ين,ينً,ينُ,1
ين,ينً,ينِ,1
ين,ينٌ,ينٍ,1
ين,ينٌ,ينَ,1
ين,ينٌ,ينُ,1
ين,ينٌ,ينِ,1
ين,ينٍ,ينَ,1
ين,ينٍ,ينُ,1
ين,ينٍ,ينِ,1
ين,ينَ,ينُ,1
ين,ينَ,ينِ,1
ين,ينُ,ينِ,1
ء,ءً,ءٌ,1
ء,ءً,ءٍ,1
ء,ءً,ءَ,1
ء,ءً,ءَٰ,2
ء,ءً,ءَٰٓ,3
ء,ءً,ءُ,1
ء,ءً,ءُۥ,2
ء,ءً,ءِ,1
ء,ءً,ءْ,1
ء,ءٌ,ءٍ,1
ء,ءٌ,ءَ,1
ء,ءٌ,ءَٰ,2
ء,ءٌ,ءَٰٓ,3
ء,ءٌ,ءُ,1
ء,ءٌ,ءُۥ,2
ء,ءٌ,ءِ,1
ء,ءٌ,ءْ,1
ء,ءٍ,ءَ,1
ء,ءٍ,ءَٰ,2
ء,ءٍ,ءَٰٓ,3
ء,ءٍ,ءُ,1
ء,ءٍ,ءُۥ,2
ء,ءٍ,ءِ,1
ء,ءٍ,ءْ,1
ء,ءَ,ءَٰ,1
ء,ءَ,ءَٰٓ,2
ء,ءَ,ءُ,1
ء,ءَ,ءُۥ,2
ء,ءَ,ءِ,1
ء,ءَ,ءْ,1
ء,ءَٰ,ءَٰٓ,1
ء,ءَٰ,ءُ,2
ء,ءَٰ,ءُۥ,2
ء,ءَٰ,ءِ,2
ء,ءَٰ,ءْ,2
ء,ءَٰٓ,ءُ,3
ء,ءَٰٓ,ءُۥ,3
ء,ءَٰٓ,ءِ,3
ء,ءَٰٓ,ءْ,3
ء,ءُ,ءُۥ,1
ء,ءُ,ءِ,1
ء,ءُ,ءْ,1
ء,ءُۥ,ءِ,2
ء,ءُۥ,ءْ,2
ء,ءِ,ءْ,1
ٱلل,ٱللَّ,ٱللُّ,1
ة,ةً,ةٌ,1
ة,ةً,ةٍ,1
ة,ةً,ةَ,1
ة,ةً,ةُ,1
ة,ةً,ةِ,1
ة,ةٌ,ةٍ,1
ة,ةٌ,ةَ,1
ة,ةٌ,ةُ,1
ة,ةٌ,ةِ,1
ة,ةٍ,ةَ,1
ة,ةٍ,ةُ,1
ة,ةٍ,ةِ,1
ة,ةَ,ةُ,1
ة,ةَ,ةِ,1
ة,ةُ,ةِ,1
خ,خً,خٌ,1
خ,خً,خٍ,1
خ,خً,خَ,1
خ,خً,خُ,1
خ,خً,خِ,1
خ,خً,خَّ,2
خ,خً,خِّ,2
خ,خً,خْ,1
خ,خٌ,خٍ,1
خ,خٌ,خَ,1
خ,خٌ,خُ,1
خ,خٌ,خِ,1
خ,خٌ,خَّ,2
خ,خٌ,خِّ,2
خ,خٌ,خْ,1
خ,خٍ,خَ,1
خ,خٍ,خُ,1
خ,خٍ,خِ,1
خ,خٍ,خَّ,2
خ,خٍ,خِّ,2
خ,خٍ,خْ,1
خ,خَ,خُ,1
خ,خَ,خِ,1
خ,خَ,خَّ,1
خ,خَ,خِّ,2
خ,خَ,خْ,1
خ,خُ,خِ,1
خ,خُ,خَّ,2
خ,خُ,خِّ,2
خ,خُ,خْ,1
خ,خِ,خَّ,2
خ,خِ,خِّ,1
خ,خِ,خْ,1
خ,خَّ,خِّ,1
خ,خَّ,خْ,2
خ,خِّ,خْ,2
ش,شً,شٌ,1
ش,شً,شٍ,1
ش,شً,شَ,1
ش,شً,شُ,1
ش,شً,شِ,1
ش,شً,شَّ,2
ش,شً,شُّ,2
ش,شً,شِّ,2
ش,شً,شْ,1
ش,شٌ,شٍ,1
ش,شٌ,شَ,1
ش,شٌ,شُ,1
ش,شٌ,شِ,1
ش,شٌ,شَّ,2
ش,شٌ,شُّ,2
ش,شٌ,شِّ,2
ش,شٌ,شْ,1
ش,شٍ,شَ,1
ش,شٍ,شُ,1
ش,شٍ,شِ,1
ش,شٍ,شَّ,2
ش,شٍ,شُّ,2
ش,شٍ,شِّ,2
ش,شٍ,شْ,1
ش,شَ,شُ,1
ش,شَ,شِ,1
ش,شَ,شَّ,1
ش,شَ,شُّ,2
ش,شَ,شِّ,2
ش,شَ,شْ,1
ش,شُ,شِ,1
ش,شُ,شَّ,2
ش,شُ,شُّ,1
ش,شُ,شِّ,2
ش,شُ,شْ,1
ش,شِ,شَّ,2
ش,شِ,شُّ,2
ش,شِ,شِّ,1
ش,شِ,شْ,1
ش,شَّ,شُّ,1
ش,شَّ,شِّ,1
ش,شَّ,شْ,2
ش,شُّ,شِّ,1
ش,شُّ,شْ,2
ش,شِّ,شْ,2
ص,ص,صً,1
ص,ص,صٌ,1
ص,ص,صٍ,1
ص,ص,صَ,1
ص,ص,صُ,1
ص,ص,صِ,1
ص,ص,صَّ,2
ص,ص,صُّ,2
ص,ص,صِّ,2
ص,ص,صْ,1
ص,ص,صٓ,1
ص,ص,صُۜ,2
ص,ص,صْۜ,2
ص,صً,صٌ,1
ص,صً,صٍ,1
ص,صً,صَ,1
ص,صً,صُ,1
ص,صً,صِ,1
ص,صً,صَّ,2
ص,صً,صُّ,2
ص,صً,صِّ,2
ص,صً,صْ,1
ص,صً,صٓ,1
ص,صً,صُۜ,2
ص,صً,صْۜ,2
ص,صٌ,صٍ,1
ص,صٌ,صَ,1
ص,صٌ,صُ,1
ص,صٌ,صِ,1
ص,صٌ,صَّ,2
ص,صٌ,صُّ,2
ص,صٌ,صِّ,2
ص,صٌ,صْ,1
ص,صٌ,صٓ,1
ص,صٌ,صُۜ,2
ص,صٌ,صْۜ,2
ص,صٍ,صَ,1
ص,صٍ,صُ,1
ص,صٍ,صِ,1
ص,صٍ,صَّ,2
ص,صٍ,صُّ,2
ص,صٍ,صِّ,2
ص,صٍ,صْ,1
ص,صٍ,صٓ,1
ص,صٍ,صُۜ,2
ص,صٍ,صْۜ,2
ص,صَ,صُ,1
ص,صَ,صِ,1
ص,صَ,صَّ,1
ص,صَ,صُّ,2
ص,صَ,صِّ,2
ص,صَ,صْ,1
ص,صَ,صٓ,1
ص,صَ,صُۜ,2
ص,صَ,صْۜ,2
ص,صُ,صِ,1
ص,صُ,صَّ,2
ص,صُ,صُّ,1
ص,صُ,صِّ,2
ص,صُ,صْ,1
ص,صُ,صٓ,1
ص,صُ,صُۜ,1
ص,صُ,صْۜ,2
ص,صِ,صَّ,2
ص,صِ,صُّ,2
ص,صِ,صِّ,1
ص,صِ,صْ,1
ص,صِ,صٓ,1
ص,صِ,صُۜ,2
ص,صِ,صْۜ,2
ص,صَّ,صُّ,1
ص,صَّ,صِّ,1
ص,صَّ,صْ,2
ص,صَّ,صٓ,2
ص,صَّ,صُۜ,2
ص,صَّ,صْۜ,2
ص,صُّ,صِّ,1
ص,صُّ,صْ,2
ص,صُّ,صٓ,2
ص,صُّ,صُۜ,1
ص,صُّ,صْۜ,2
ص,صِّ,صْ,2
ص,صِّ,صٓ,2
ص,صِّ,صُۜ,2
ص,صِّ,صْۜ,2
ص,صْ,صٓ,1
ص,صْ,صُۜ,2
ص,صْ,صْۜ,1
ص,صٓ,صُۜ,2
ص,صٓ,صْۜ,2
ص,صُۜ,صْۜ,1
ض,ضً,ضٌ,1
ض,ضً,ضٍ,1
ض,ضً,ضَ,1
ض,ضً,ضُ,1
ض,ضً,ضِ,1
ض,ضً,ضَّ,2
ض,ضً,ضُّ,2
ض,ضً,ضِّ,2
ض,ضً,ضْ,1
ض,ضٌ,ضٍ,1
ض,ضٌ,ضَ,1
ض,ضٌ,ضُ,1
ض,ضٌ,ضِ,1
ض,ضٌ,ضَّ,2
ض,ضٌ,ضُّ,2
ض,ضٌ,ضِّ,2
ض,ضٌ,ضْ,1
ض,ضٍ,ضَ,1
ض,ضٍ,ضُ,1
ض,ضٍ,ضِ,1
ض,ضٍ,ضَّ,2
ض,ضٍ,ضُّ,2
ض,ضٍ,ضِّ,2
ض,ضٍ,ضْ,1
ض,ضَ,ضُ,1
ض,ضَ,ضِ,1
ض,ضَ,ضَّ,1
ض,ضَ,ضُّ,2
ض,ضَ,ضِّ,2
ض,ضَ,ضْ,1
ض,ضُ,ضِ,1
ض,ضُ,ضَّ,2
ض,ضُ,ضُّ,1
ض,ضُ,ضِّ,2
ض,ضُ,ضْ,1
ض,ضِ,ضَّ,2
ض,ضِ,ضُّ,2
ض,ضِ,ضِّ,1
ض,ضِ,ضْ,1
ض,ضَّ,ضُّ,1
ض,ضَّ,ضِّ,1
ض,ضَّ,ضْ,2
ض,ضُّ,ضِّ,1
ض,ضُّ,ضْ,2
ض,ضِّ,ضْ,2
ال,الً,الٌ,1
ال,الً,الٍ,1
ال,الً,الَ,1
ال,الً,الُ,1
ال,الً,الِ,1
ال,الً,الٓ,1
ال,الٌ,الٍ,1
ال,الٌ,الَ,1
ال,الٌ,الُ,1
ال,الٌ,الِ,1
ال,الٌ,الٓ,1
ال,الٍ,الَ,1
ال,الٍ,الُ,1
ال,الٍ,الِ,1
ال,الٍ,الٓ,1
ال,الَ,الُ,1
ال,الَ,الِ,1
ال,الَ,الٓ,1
ال,الُ,الِ,1
ال,الُ,الٓ,1
ال,الِ,الٓ,1
ث,ث,ثً,1
ث,ث,ثٌ,1
ث,ث,ثٍ,1
ث,ث,ثَ,1
ث,ث,ثُ,1
ث,ث,ثِ,1
ث,ث,ثًّ,2
ث,ث,ثَّ,2
ث,ث,ثُّ,2
ث,ث,ثِّ,2
ث,ث,ثْ,1
ث,ثً,ثٌ,1
ث,ثً,ثٍ,1
ث,ثً,ثَ,1
ث,ثً,ثُ,1
ث,ثً,ثِ,1
ث,ثً,ثًّ,1
ث,ثً,ثَّ,2
ث,ثً,ثُّ,2
ث,ثً,ثِّ,2
ث,ثً,ثْ,1
ث,ثٌ,ثٍ,1
ث,ثٌ,ثَ,1
ث,ثٌ,ثُ,1
ث,ثٌ,ثِ,1
ث,ثٌ,ثًّ,2
ث,ثٌ,ثَّ,2
ث,ثٌ,ثُّ,2
ث,ثٌ,ثِّ,2
ث,ثٌ,ثْ,1
ث,ثٍ,ثَ,1
ث,ثٍ,ثُ,1
ث,ثٍ,ثِ,1
ث,ثٍ,ثًّ,2
ث,ثٍ,ثَّ,2
ث,ثٍ,ثُّ,2
ث,ثٍ,ثِّ,2
ث,ثٍ,ثْ,1
ث,ثَ,ثُ,1
ث,ثَ,ثِ,1
ث,ثَ,ثًّ,2
ث,ثَ,ثَّ,1
ث,ثَ,ثُّ,2
ث,ثَ,ثِّ,2
ث,ثَ,ثْ,1
ث,ثُ,ثِ,1
ث,ثُ,ثًّ,2
ث,ثُ,ثَّ,2
ث,ثُ,ثُّ,1
ث,ثُ,ثِّ,2
ث,ثُ,ثْ,1
ث,ثِ,ثًّ,2
ث,ثِ,ثَّ,2
ث,ثِ,ثُّ,2
ث,ثِ,ثِّ,1
ث,ثِ,ثْ,1
ث,ثًّ,ثَّ,1
ث,ثًّ,ثُّ,1
ث,ثًّ,ثِّ,1
ث,ثًّ,ثْ,2
ث,ثَّ,ثُّ,1
ث,ثَّ,ثِّ,1
ث,ثَّ,ثْ,2
ث,ثُّ,ثِّ,1
ث,ثُّ,ثْ,2
ث,ثِّ,ثْ,2
غ,غً,غٌ,1
غ,غً,غٍ,1
غ,غً,غَ,1
غ,غً,غُ,1
غ,غً,غِ,1
غ,غً,غْ,1
غ,غٌ,غٍ,1
غ,غٌ,غَ,1
غ,غٌ,غُ,1
غ,غٌ,غِ,1
غ,غٌ,غْ,1
غ,غٍ,غَ,1
غ,غٍ,غُ,1
غ,غٍ,غِ,1
غ,غٍ,غْ,1
غ,غَ,غُ,1
غ,غَ,غِ,1
غ,غَ,غْ,1
غ,غُ,غِ,1
غ,غُ,غْ,1
غ,غِ,غْ,1
ز,زً,زٍ,1
ز,زً,زَ,1
ز,زً,زَٰ,2
ز,زً,زَٰٓ,3
ز,زً,زُ,1
ز,زً,زِ,1
ز,زً,زًّ,1
ز,زً,زَّ,2
ز,زً,زُّ,2
ز,زً,زِّ,2
ز,زً,زْ,1
ز,زٍ,زَ,1
ز,زٍ,زَٰ,2
ز,زٍ,زَٰٓ,3
ز,زٍ,زُ,1
ز,زٍ,زِ,1
ز,زٍ,زًّ,2
ز,زٍ,زَّ,2
ز,زٍ,زُّ,2
ز,زٍ,زِّ,2
ز,زٍ,زْ,1
ز,زَ,زَٰ,1
ز,زَ,زَٰٓ,2
ز,زَ,زُ,1
ز,زَ,زِ,1
ز,زَ,زًّ,2
ز,زَ,زَّ,1
ز,زَ,زُّ,2
ز,زَ,زِّ,2
ز,زَ,زْ,1
ز,زَٰ,زَٰٓ,1
ز,زَٰ,زُ,2
ز,زَٰ,زِ,2
ز,زَٰ,زًّ,2
ز,زَٰ,زَّ,2
ز,زَٰ,زُّ,2
ز,زَٰ,زِّ,2
ز,زَٰ,زْ,2
ز,زَٰٓ,زُ,3
ز,زَٰٓ,زِ,3
ز,زَٰٓ,زًّ,3
ز,زَٰٓ,زَّ,3
ز,زَٰٓ,زُّ,3
ز,زَٰٓ,زِّ,3
ز,زَٰٓ,زْ,3
ز,زُ,زِ,1
ز,زُ,زًّ,2
ز,زُ,زَّ,2
ز,زُ,زُّ,1
ز,زُ,زِّ,2
ز,زُ,زْ,1
ز,زِ,زًّ,2
ز,زِ,زَّ,2
ز,زِ,زُّ,2
ز,زِ,زِّ,1
ز,زِ,زْ,1
ز,زًّ,زَّ,1
ز,زًّ,زُّ,1
ز,زًّ,زِّ,1
ز,زًّ,زْ,2
ز,زَّ,زُّ,1
ز,زَّ,زِّ,1
ز,زَّ,زْ,2
ز,زُّ,زِّ,1
ز,زُّ,زْ,2
ز,زِّ,زْ,2
ان,انً,انٌ,1
ان,انً,انٍ,1
ان,انً,انَ,1
ان,انً,انُ,1
ان,انً,انِ,1
ان,انٌ,انٍ,1
ان,انٌ,انَ,1
ان,انٌ,انُ,1
ان,انٌ,انِ,1
ان,انٍ,انَ,1
ان,انٍ,انُ,1
ان,انٍ,انِ,1
ان,انَ,انُ,1
ان,انَ,انِ,1
ان,انُ,انِ,1
ط,طً,طٌ,1
ط,طً,طٍ,1
ط,طً,طَ,1
ط,طً,طُ,1
ط,طً,طِ,1
ط,طً,طَّ,2
ط,طً,طُّ,2
ط,طً,طِّ,2
ط,طً,طْ,1
ط,طٌ,طٍ,1
ط,طٌ,طَ,1
ط,طٌ,طُ,1
ط,طٌ,طِ,1
ط,طٌ,طَّ,2
ط,طٌ,طُّ,2
ط,طٌ,طِّ,2
ط,طٌ,طْ,1
ط,طٍ,طَ,1
ط,طٍ,طُ,1
ط,طٍ,طِ,1
ط,طٍ,طَّ,2
ط,طٍ,طُّ,2
ط,طٍ,طِّ,2
ط,طٍ,طْ,1
ط,طَ,طُ,1
ط,طَ,طِ,1
ط,طَ,طَّ,1
ط,طَ,طُّ,2
ط,طَ,طِّ,2
ط,طَ,طْ,1
ط,طُ,طِ,1
ط,طُ,طَّ,2
ط,طُ,طُّ,1
ط,طُ,طِّ,2
ط,طُ,طْ,1
ط,طِ,طَّ,2
ط,طِ,طُّ,2
ط,طِ,طِّ,1
ط,طِ,طْ,1
ط,طَّ,طُّ,1
ط,طَّ,طِّ,1
ط,طَّ,طْ,2
ط,طُّ,طِّ,1
ط,طُّ,طْ,2
ط,طِّ,طْ,2
يم,يمً,يمٌ,1
يم,يمً,يمٍ,1
يم,يمً,يمَ,1
يم,يمً,يمُ,1
يم,يمً,يمِ,1
يم,يمٌ,يمٍ,1
يم,يمٌ,يمَ,1
يم,يمٌ,يمُ,1
يم,يمٌ,يمِ,1
يم,يمٍ,يمَ,1
يم,يمٍ,يمُ,1
يم,يمٍ,يمِ,1
يم,يمَ,يمُ,1
يم,يمَ,يمِ,1
يم,يمُ,يمِ,1
ئ,ئً,ئٍ,1
ئ,ئً,ئَ,1
ئ,ئً,ئُ,1
ئ,ئً,ئِ,1
ئ,ئً,ئْ,1
ئ,ئٍ,ئَ,1
ئ,ئٍ,ئُ,1
ئ,ئٍ,ئِ,1
ئ,ئٍ,ئْ,1
ئ,ئَ,ئُ,1
ئ,ئَ,ئِ,1
ئ,ئَ,ئْ,1
ئ,ئُ,ئِ,1
ئ,ئُ,ئْ,1
ئ,ئِ,ئْ,1
اب,ابً,ابٌ,1
اب,ابً,ابٍ,1
اب,ابً,ابَ,1
اب,ابً,ابُ,1
اب,ابً,ابِ,1
اب,ابٌ,ابٍ,1
اب,ابٌ,ابَ,1
اب,ابٌ,ابُ,1
اب,ابٌ,ابِ,1
اب,ابٍ,ابَ,1
اب,ابٍ,ابُ,1
اب,ابٍ,ابِ,1
اب,ابَ,ابُ,1
اب,ابَ,ابِ,1
اب,ابُ,ابِ,1
ؤ,ؤً,ؤٌ,1
ؤ,ؤً,ؤَ,1
ؤ,ؤً,ؤُ,1
ؤ,ؤً,ؤِ,1
ؤ,ؤً,ؤْ,1
ؤ,ؤٌ,ؤَ,1
ؤ,ؤٌ,ؤُ,1
ؤ,ؤٌ,ؤِ,1
ؤ,ؤٌ,ؤْ,1
ؤ,ؤَ,ؤُ,1
ؤ,ؤَ,ؤِ,1
ؤ,ؤَ,ؤْ,1
ؤ,ؤُ,ؤِ,1
ؤ,ؤُ,ؤْ,1
ؤ,ؤِ,ؤْ,1
ام,امً,امٌ,1
ام,امً,امٍ,1
ام,امً,امَ,1
ام,امً,امُ,1
ام,امً,امِ,1
ام,امٌ,امٍ,1
ام,امٌ,امَ,1
ام,امٌ,امُ,1
ام,امٌ,امِ,1
ام,امٍ,امَ,1
ام,امٍ,امُ,1
ام,امٍ,امِ,1
ام,امَ,امُ,1
ام,امَ,امِ,1
ام,امُ,امِ,1
ظ,ظً,ظٌ,1
ظ,ظً,ظَ,1
ظ,ظً,ظُ,1
ظ,ظً,ظِ,1
ظ,ظً,ظًّ,1
ظ,ظً,ظٍّ,2
ظ,ظً,ظَّ,2
ظ,ظً,ظِّ,2
ظ,ظً,ظْ,1
ظ,ظٌ,ظَ,1
ظ,ظٌ,ظُ,1
ظ,ظٌ,ظِ,1
ظ,ظٌ,ظًّ,2
ظ,ظٌ,ظٍّ,2
ظ,ظٌ,ظَّ,2
ظ,ظٌ,ظِّ,2
ظ,ظٌ,ظْ,1
ظ,ظَ,ظُ,1
ظ,ظَ,ظِ,1
ظ,ظَ,ظًّ,2
ظ,ظَ,ظٍّ,2
ظ,ظَ,ظَّ,1
ظ,ظَ,ظِّ,2
ظ,ظَ,ظْ,1
ظ,ظُ,ظِ,1
ظ,ظُ,ظًّ,2
ظ,ظُ,ظٍّ,2
ظ,ظُ,ظَّ,2
ظ,ظُ,ظِّ,2
ظ,ظُ,ظْ,1
ظ,ظِ,ظًّ,2
ظ,ظِ,ظٍّ,2
ظ,ظِ,ظَّ,2
ظ,ظِ,ظِّ,1
ظ,ظِ,ظْ,1
ظ,ظًّ,ظٍّ,1
ظ,ظًّ,ظَّ,1
ظ,ظًّ,ظِّ,1
ظ,ظًّ,ظْ,2
ظ,ظٍّ,ظَّ,1
ظ,ظٍّ,ظِّ,1
ظ,ظٍّ,ظْ,2
ظ,ظَّ,ظِّ,1
ظ,ظَّ,ظْ,2
ظ,ظِّ,ظْ,2
ٱلس,ٱلسَّ,ٱلسُّ,1
ٱلس,ٱلسَّ,ٱلسِّ,1
ٱلس,ٱلسُّ,ٱلسِّ,1
ول,ولً,ولٌ,1
ول,ولً,ولٍ,1
ول,ولً,ولَ,1
ول,ولً,ولُ,1
ول,ولً,ولِ,1
ول,ولٌ,ولٍ,1
ول,ولٌ,ولَ,1
ول,ولٌ,ولُ,1
ول,ولٌ,ولِ,1
ول,ولٍ,ولَ,1
ول,ولٍ,ولُ,1
ول,ولٍ,ولِ,1
ول,ولَ,ولُ,1
ول,ولَ,ولِ,1
ول,ولُ,ولِ,1
يه,يهً,يهَ,1
يه,يهً,يهُ,1
يه,يهً,يهِ,1
يه,يهً,يهِۦ,2
يه,يهَ,يهُ,1
يه,يهَ,يهِ,1
يه,يهَ,يهِۦ,2
يه,يهُ,يهِ,1
يه,يهُ,يهِۦ,2
يه,يهِ,يهِۦ,1
ٱلن,ٱلنَّ,ٱلنُّ,1
ٱلن,ٱلنَّ,ٱلنِّ,1
ٱلن,ٱلنُّ,ٱلنِّ,1
نت,نتَ,نتُ,1
نت,نتَ,نتِ,1
نت,نتُ,نتِ,1
ير,يرً,يرٌ,1
ير,يرً,يرٍ,1
ير,يرً,يرَ,1
ير,يرً,يرَٰ,2
ير,يرً,يرُ,1
ير,يرً,يرِ,1
ير,يرٌ,يرٍ,1
ير,يرٌ,يرَ,1
ير,يرٌ,يرَٰ,2
ير,يرٌ,يرُ,1
ير,يرٌ,يرِ,1
ير,يرٍ,يرَ,1
ير,يرٍ,يرَٰ,2
ير,يرٍ,يرُ,1
ير,يرٍ,يرِ,1
ير,يرَ,يرَٰ,1
ير,يرَ,يرُ,1
ير,يرَ,يرِ,1
ير,يرَٰ,يرُ,2
ير,يرَٰ,يرِ,2
ير,يرُ,يرِ,1
ٱلر,ٱلرَّ,ٱلرَّٰ,1
ٱلر,ٱلرَّ,ٱلرُّ,1
ٱلر,ٱلرَّ,ٱلرِّ,1
ٱلر,ٱلرَّٰ,ٱلرُّ,2
ٱلر,ٱلرَّٰ,ٱلرِّ,2
ٱلر,ٱلرُّ,ٱلرِّ,1
يل,يلً,يلٌ,1
يل,يلً,يلٍ,1
يل,يلً,يلَ,1
يل,يلً,يلُ,1
يل,يلً,يلِ,1
يل,يلٌ,يلٍ,1
يل,يلٌ,يلَ,1
يل,يلٌ,يلُ,1
يل,يلٌ,يلِ,1
يل,يلٍ,يلَ,1
يل,يلٍ,يلُ,1
يل,يلٍ,يلِ,1
يل,يلَ,يلُ,1
يل,يلَ,يلِ,1
يل,يلُ,يلِ,1
ار,ارً,ارٌ,1
ار,ارً,ارٍ,1
ار,ارً,ارَ,1
ار,ارً,ارُ,1
ار,ارً,ارِ,1
ار,ارٌ,ارٍ,1
ار,ارٌ,ارَ,1
ار,ارٌ,ارُ,1
ار,ارٌ,ارِ,1
ار,ارٍ,ارَ,1
ار,ارٍ,ارُ,1
ار,ارٍ,ارِ,1
ار,ارَ,ارُ,1
ار,ارَ,ارِ,1
ار,ارُ,ارِ,1
اد,ادً,ادٌ,1
اد,ادً,ادٍ,1
اد,ادً,ادَ,1
اد,ادً,ادُ,1
اد,ادً,ادِ,1
اد,ادٌ,ادٍ,1
اد,ادٌ,ادَ,1
اد,ادٌ,ادُ,1
اد,ادٌ,ادِ,1
اد,ادٍ,ادَ,1
اد,ادٍ,ادُ,1
اد,ادٍ,ادِ,1
اد,ادَ,ادُ,1
اد,ادَ,ادِ,1
اد,ادُ,ادِ,1
اي,ايَ,ايِ,1
ور,ورً,ورٌ,1
ور,ورً,ورٍ,1
ور,ورً,ورَ,1
ور,ورً,ورَٰ,2
ور,ورً,ورُ,1
ور,ورً,ورِ,1
ور,ورٌ,ورٍ,1
ور,ورٌ,ورَ,1
ور,ورٌ,ورَٰ,2
ور,ورٌ,ورُ,1
ور,ورٌ,ورِ,1
ور,ورٍ,ورَ,1
ور,ورٍ,ورَٰ,2
ور,ورٍ,ورُ,1
ور,ورٍ,ورِ,1
ور,ورَ,ورَٰ,1
ور,ورَ,ورُ,1
ور,ورَ,ورِ,1
ور,ورَٰ,ورُ,2
ور,ورَٰ,ورِ,2
ور,ورُ,ورِ,1
وه,وهً,وهٌ,1
وه,وهً,وهَ,1
وه,وهً,وهُ,1
وه,وهً,وهِ,1
وه,وهٌ,وهَ,1
وه,وهٌ,وهُ,1
وه,وهٌ,وهِ,1
وه,وهَ,وهُ,1
وه,وهَ,وهِ,1
وه,وهُ,وهِ,1
ات,اتً,اتٌ,1
ات,اتً,اتٍ,1
ات,اتً,اتَ,1
ات,اتً,اتُ,1
ات,اتً,اتِ,1
ات,اتٌ,اتٍ,1
ات,اتٌ,اتَ,1
ات,اتٌ,اتُ,1
ات,اتٌ,اتِ,1
ات,اتٍ,اتَ,1
ات,اتٍ,اتُ,1
ات,اتٍ,اتِ,1
ات,اتَ,اتُ,1
ات,اتَ,اتِ,1
ات,اتُ,اتِ,1
يد,يدً,يدٌ,1
يد,يدً,يدٍ,1
يد,يدً,يدَ,1
يد,يدً,يدُ,1
يد,يدً,يدِ,1
يد,يدٌ,يدٍ,1
يد,يدٌ,يدَ,1
يد,يدٌ,يدُ,1
يد,يدٌ,يدِ,1
يد,يدٍ,يدَ,1
يد,يدٍ,يدُ,1
يد,يدٍ,يدِ,1
يد,يدَ,يدُ,1
يد,يدَ,يدِ,1
يد,يدُ,يدِ,1
ٱلص,ٱلصَّ,ٱلصُّ,1
ٱلص,ٱلصَّ,ٱلصِّ,1
ٱلص,ٱلصُّ,ٱلصِّ,1
اس,اسً,اسٌ,1
اس,اسً,اسٍ,1
اس,اسً,اسَ,1
اس,اسً,اسُ,1
اس,اسً,اسِ,1
اس,اسٌ,اسٍ,1
اس,اسٌ,اسَ,1
اس,اسٌ,اسُ,1
اس,اسٌ,اسِ,1
اس,اسٍ,اسَ,1
اس,اسٍ,اسُ,1
اس,اسٍ,اسِ,1
اس,اسَ,اسُ,1
اس,اسَ,اسِ,1
اس,اسُ,اسِ,1
نف,نفَ,نفُ,1
نف,نفَ,نفِ,1
نف,نفُ,نفِ,1
ٱت,ٱتَّ,ٱتُّ,1
ٱت,ٱتَّ,ٱتِّ,1
ٱت,ٱتَّ,ٱتْ,2
ٱت,ٱتُّ,ٱتِّ,1
ٱت,ٱتُّ,ٱتْ,2
ٱت,ٱتِّ,ٱتْ,2
نك,نكً,نكَ,1
نك,نكً,نكُ,1
نك,نكً,نكِ,1
نك,نكَ,نكُ,1
نك,نكَ,نكِ,1
نك,نكُ,نكِ,1
نز,نزٌ,نزَ,1
نز,نزٌ,نزِ,1
نز,نزَ,نزِ,1
وب,وبً,وبٌ,1
وب,وبً,وبٍ,1
وب,وبً,وبَ,1
وب,وبً,وبُ,1
وب,وبً,وبِ,1
وب,وبٌ,وبٍ,1
وب,وبٌ,وبَ,1
وب,وبٌ,وبُ,1
وب,وبٌ,وبِ,1
وب,وبٍ,وبَ,1
وب,وبٍ,وبُ,1
وب,وبٍ,وبِ,1
وب,وبَ,وبُ,1
وب,وبَ,وبِ,1
وب,وبُ,وبِ,1
ند,ندً,ندٌ,1
ند,ندً,ندٍ,1
ند,ندً,ندَ,1
ند,ندً,ندُ,1
ند,ندً,ندِ,1
ند,ندٌ,ندٍ,1
ند,ندٌ,ندَ,1
ند,ندٌ,ندُ,1
ند,ندٌ,ندِ,1
ند,ندٍ,ندَ,1
ند,ندٍ,ندُ,1
ند,ندٍ,ندِ,1
ند,ندَ,ندُ,1
ند,ندَ,ندِ,1
ند,ندُ,ندِ,1
ٱلد,ٱلدَّ,ٱلدَّٰ,1
ٱلد,ٱلدَّ,ٱلدُّ,1
ٱلد,ٱلدَّ,ٱلدِّ,1
ٱلد,ٱلدَّٰ,ٱلدُّ,2
ٱلد,ٱلدَّٰ,ٱلدِّ,2
ٱلد,ٱلدُّ,ٱلدِّ,1
اخ,اخَ,اخُ,1
اخ,اخَ,اخِ,1
اخ,اخُ,اخِ,1
يع,يعً,يعٌ,1
يع,يعً,يعٍ,1
يع,يعً,يعَ,1
يع,يعً,يعُ,1
يع,يعً,يعِ,1
يع,يعٌ,يعٍ,1
يع,يعٌ,يعَ,1
يع,يعٌ,يعُ,1
يع,يعٌ,يعِ,1
يع,يعٍ,يعَ,1
يع,يعٍ,يعُ,1
يع,يعٍ,يعِ,1
يع,يعَ,يعُ,1
يع,يعَ,يعِ,1
يع,يعُ,يعِ,1
ٱلش,ٱلشَّ,ٱلشُّ,1
ٱلش,ٱلشَّ,ٱلشِّ,1
ٱلش,ٱلشُّ,ٱلشِّ,1
وس,وسً,وسٌ,1
وس,وسً,وسٍ,1
وس,وسً,وسَ,1
وس,وسً,وسُ,1
وس,وسً,وسِ,1
وس,وسٌ,وسٍ,1
وس,وسٌ,وسَ,1
وس,وسٌ,وسُ,1
وس,وسٌ,وسِ,1
وس,وسٍ,وسَ,1
وس,وسٍ,وسُ,1
وس,وسٍ,وسِ,1
وس,وسَ,وسُ,1
وس,وسَ,وسِ,1
وس,وسُ,وسِ,1
ود,ودً,ودٌ,1
ود,ودً,ودٍ,1
ود,ودً,ودَ,1
ود,ودً,ودَٰ,2
ود,ودً,ودُ,1
ود,ودً,ودِ,1
ود,ودٌ,ودٍ,1
ود,ودٌ,ودَ,1
ود,ودٌ,ودَٰ,2
ود,ودٌ,ودُ,1
ود,ودٌ,ودِ,1
ود,ودٍ,ودَ,1
ود,ودٍ,ودَٰ,2
ود,ودٍ,ودُ,1
ود,ودٍ,ودِ,1
ود,ودَ,ودَٰ,1
ود,ودَ,ودُ,1
ود,ودَ,ودِ,1
ود,ودَٰ,ودُ,2
ود,ودَٰ,ودِ,2
ود,ودُ,ودِ,1
وت,وتً,وتٍ,1
وت,وتً,وتَ,1
وت,وتً,وتُ,1
وت,وتً,وتِ,1
وت,وتٍ,وتَ,1
وت,وتٍ,وتُ,1
وت,وتٍ,وتِ,1
وت,وتَ,وتُ,1
وت,وتَ,وتِ,1
وت,وتُ,وتِ,1
يب,يبً,يبٌ,1
يب,يبً,يبٍ,1
يب,يبً,يبَ,1
يب,يبً,يبُ,1
يب,يبً,يبِ,1
يب,يبٌ,يبٍ,1
يب,يبٌ,يبَ,1
يب,يبٌ,يبُ,1
يب,يبٌ,يبِ,1
يب,يبٍ,يبَ,1
يب,يبٍ,يبُ,1
يب,يبٍ,يبِ,1
يب,يبَ,يبُ,1
يب,يبَ,يبِ,1
يب,يبُ,يبِ,1
ٱلظ,ٱلظَّ,ٱلظُّ,1
ٱلظ,ٱلظَّ,ٱلظِّ,1
ٱلظ,ٱلظُّ,ٱلظِّ,1
اف,افً,افٌ,1
اف,افً,افٍ,1
اف,افً,افَ,1
اف,افً,افُ,1
اف,افً,افِ,1
اف,افٌ,افٍ,1
اف,افٌ,افَ,1
اف,افٌ,افُ,1
اف,افٌ,افِ,1
اف,افٍ,افَ,1
اف,افٍ,افُ,1
اف,افٍ,افِ,1
اف,افَ,افُ,1
اف,افَ,افِ,1
اف,افُ,افِ,1
نس,نسٌ,نسَ,1
نس,نسٌ,نسُ,1
نس,نسٌ,نسِ,1
نس,نسَ,نسُ,1
نس,نسَ,نسِ,1
نس,نسُ,نسِ,1
يز,يزً,يزٌ,1
يز,يزً,يزٍ,1
يز,يزً,يزَ,1
يز,يزً,يزُ,1
يز,يزً,يزِ,1
يز,يزٌ,يزٍ,1
يز,يزٌ,يزَ,1
يز,يزٌ,يزُ,1
يز,يزٌ,يزِ,1
يز,يزٍ,يزَ,1
يز,يزٍ,يزُ,1
يز,يزٍ,يزِ,1
يز,يزَ,يزُ,1
يز,يزَ,يزِ,1
يز,يزُ,يزِ,1
وح,وحً,وحٌ,1
وح,وحً,وحٍ,1
وح,وحً,وحَ,1
وح,وحً,وحُ,1
وح,وحً,وحِ,1
وح,وحٌ,وحٍ,1
وح,وحٌ,وحَ,1
وح,وحٌ,وحُ,1
وح,وحٌ,وحِ,1
وح,وحٍ,وحَ,1
وح,وحٍ,وحُ,1
وح,وحٍ,وحِ,1
وح,وحَ,وحُ,1
وح,وحَ,وحِ,1
وح,وحُ,وحِ,1
اع,اعً,اعٌ,1
اع,اعً,اعٍ,1
اع,اعً,اعَ,1
اع,اعً,اعُ,1
اع,اعً,اعِ,1
اع,اعٌ,اعٍ,1
اع,اعٌ,اعَ,1
اع,اعٌ,اعُ,1
اع,اعٌ,اعِ,1
اع,اعٍ,اعَ,1
اع,اعٍ,اعُ,1
اع,اعٍ,اعِ,1
اع,اعَ,اعُ,1
اع,اعَ,اعِ,1
اع,اعُ,اعِ,1
اق,اقً,اقٌ,1
اق,اقً,اقٍ,1
اق,اقً,اقَ,1
اق,اقً,اقُ,1
اق,اقً,اقِ,1
اق,اقٌ,اقٍ,1
اق,اقٌ,اقَ,1
اق,اقٌ,اقُ,1
اق,اقٌ,اقِ,1
اق,اقٍ,اقَ,1
اق,اقٍ,اقُ,1
اق,اقٍ,اقِ,1
اق,اقَ,اقُ,1
اق,اقَ,اقِ,1
اق,اقُ,اقِ,1
يك,يكٌ,يكٍ,1
يك,يكٌ,يكَ,1
يك,يكٌ,يكُ,1
يك,يكٍ,يكَ,1
يك,يكٍ,يكُ,1
يك,يكَ,يكُ,1
وم,ومً,ومٌ,1
وم,ومً,ومٍ,1
وم,ومً,ومَ,1
وم,ومً,ومُ,1
وم,ومً,ومِ,1
وم,ومٌ,ومٍ,1
وم,ومٌ,ومَ,1
وم,ومٌ,ومُ,1
وم,ومٌ,ومِ,1
وم,ومٍ,ومَ,1
وم,ومٍ,ومُ,1
وم,ومٍ,ومِ,1
وم,ومَ,ومُ,1
وم,ومَ,ومِ,1
وم,ومُ,ومِ,1
وك,وكً,وكَ,1
وك,وكً,وكُ,1
وك,وكً,وكِ,1
وك,وكَ,وكُ,1
وك,وكَ,وكِ,1
وك,وكُ,وكِ,1
يق,يقً,يقٌ,1
يق,يقً,يقٍ,1
يق,يقً,يقَ,1
يق,يقً,يقُ,1
يق,يقً,يقِ,1
يق,يقٌ,يقٍ,1
يق,يقٌ,يقَ,1
يق,يقٌ,يقُ,1
يق,يقٌ,يقِ,1
يق,يقٍ,يقَ,1
يق,يقٍ,يقُ,1
يق,يقٍ,يقِ,1
يق,يقَ,يقُ,1
يق,يقَ,يقِ,1
يق,يقُ,يقِ,1
ٱلط,ٱلطَّ,ٱلطُّ,1
ٱلط,ٱلطَّ,ٱلطِّ,1
ٱلط,ٱلطُّ,ٱلطِّ,1
اه,اهَ,اهُ,1
اه,اهَ,اهِ,1
اه,اهُ,اهِ,1
وف,وفً,وفٌ,1
وف,وفً,وفٍ,1
وف,وفً,وفَ,1
وف,وفً,وفُ,1
وف,وفً,وفِ,1
وف,وفٌ,وفٍ,1
وف,وفٌ,وفَ,1
وف,وفٌ,وفُ,1
وف,وفٌ,وفِ,1
وف,وفٍ,وفَ,1
وف,وفٍ,وفُ,1
وف,وفٍ,وفِ,1
وف,وفَ,وفُ,1
وف,وفَ,وفِ,1
وف,وفُ,وفِ,1
يث,يثً,يثٍ,1
يث,يثً,يثَ,1
يث,يثً,يثُ,1
يث,يثً,يثِ,1
يث,يثٍ,يثَ,1
يث,يثٍ,يثُ,1
يث,يثٍ,يثِ,1
يث,يثَ,يثُ,1
يث,يثَ,يثِ,1
يث,يثُ,يثِ,1
وق,وقً,وقٌ,1
وق,وقً,وقَ,1
وق,وقً,وقُ,1
وق,وقً,وقِ,1
وق,وقٌ,وقَ,1
وق,وقٌ,وقُ,1
وق,وقٌ,وقِ,1
وق,وقَ,وقُ,1
وق,وقَ,وقِ,1
وق,وقُ,وقِ,1
اح,احً,احٌ,1
اح,احً,احَ,1
اح,احً,احُ,1
اح,احً,احِ,1
اح,احٌ,احَ,1
اح,احٌ,احُ,1
اح,احٌ,احِ,1
اح,احَ,احُ,1
اح,احَ,احِ,1
اح,احُ,احِ,1
ٱد,ٱدَّ,ٱدَّٰ,1
ٱد,ٱدَّ,ٱدْ,2
ٱد,ٱدَّٰ,ٱدْ,3
نذ,نذَ,نذِ,1
اج,اجً,اجٌ,1
اج,اجً,اجٍ,1
اج,اجً,اجَ,1
اج,اجً,اجُ,1
اج,اجً,اجِ,1
اج,اجٌ,اجٍ,1
اج,اجٌ,اجَ,1
اج,اجٌ,اجُ,1
اج,اجٌ,اجِ,1
اج,اجٍ,اجَ,1
اج,اجٍ,اجُ,1
اج,اجٍ,اجِ,1
اج,اجَ,اجُ,1
اج,اجَ,اجِ,1
اج,اجُ,اجِ,1
نظ,نظَ,نظُ,1
نظ,نظَ,نظِ,1
نظ,نظُ,نظِ,1
نص,نصَ,نصُ,1
نص,نصَ,نصِ,1
نص,نصُ,نصِ,1
ٱلت,ٱلتَّ,ٱلتُّ,1
ٱلت,ٱلتَّ,ٱلتِّ,1
ٱلت,ٱلتُّ,ٱلتِّ,1
ٱلز,ٱلزَّ,ٱلزَّٰ,1
ٱلز,ٱلزَّ,ٱلزُّ,1
ٱلز,ٱلزَّ,ٱلزِّ,1
ٱلز,ٱلزَّٰ,ٱلزُّ,2
ٱلز,ٱلزَّٰ,ٱلزِّ,2
ٱلز,ٱلزُّ,ٱلزِّ,1
او,اوَ,اوُ,1
او,اوَ,اوُۥ,2
او,اوَ,اوِ,1
او,اوُ,اوُۥ,1
او,اوُ,اوِ,1
او,اوُۥ,اوِ,2
لن,لنَّ,لنِّ,1
اذ,اذً,اذَ,1
اذ,اذً,اذُ,1
اذ,اذً,اذِ,1
اذ,اذَ,اذُ,1
اذ,اذَ,اذِ,1
اذ,اذُ,اذِ,1
وع,وعً,وعٌ,1
وع,وعً,وعٍ,1
وع,وعً,وعَ,1
وع,وعً,وعُ,1
وع,وعً,وعِ,1
وع,وعٌ,وعٍ,1
وع,وعٌ,وعَ,1
وع,وعٌ,وعُ,1
وع,وعٌ,وعِ,1
وع,وعٍ,وعَ,1
وع,وعٍ,وعُ,1
وع,وعٍ,وعِ,1
وع,وعَ,وعُ,1
وع,وعَ,وعِ,1
وع,وعُ,وعِ,1
يت,يتً,يتٌ,1
يت,يتً,يتَ,1
يت,يتً,يتُ,1
يت,يتٌ,يتَ,1
يت,يتٌ,يتُ,1
يت,يتَ,يتُ,1
ٱلذ,ٱلذَّ,ٱلذَّٰ,1
ٱلذ,ٱلذَّ,ٱلذُّ,1
ٱلذ,ٱلذَّ,ٱلذِّ,1
ٱلذ,ٱلذَّٰ,ٱلذُّ,2
ٱلذ,ٱلذَّٰ,ٱلذِّ,2
ٱلذ,ٱلذُّ,ٱلذِّ,1
اك,اكٌ,اكٍ,1
اك,اكٌ,اكَ,1
اك,اكٌ,اكُ,1
اك,اكٌ,اكِ,1
اك,اكٍ,اكَ,1
اك,اكٍ,اكُ,1
اك,اكٍ,اكِ,1
اك,اكَ,اكُ,1
اك,اكَ,اكِ,1
اك,اكُ,اكِ,1
يس,يسٍ,يسَ,1
يس,يسٍ,يسُ,1
يس,يسٍ,يسِ,1
يس,يسٍ,يسٓ,1
يس,يسَ,يسُ,1
يس,يسَ,يسِ,1
يس,يسَ,يسٓ,1
يس,يسُ,يسِ,1
يس,يسُ,يسٓ,1
يس,يسِ,يسٓ,1
اص,اصٌ,اصٍ,1
اص,اصٌ,اصَ,1
اص,اصٌ,اصُ,1
اص,اصٌ,اصِ,1
اص,اصٍ,اصَ,1
اص,اصٍ,اصُ,1
اص,اصٍ,اصِ,1
اص,اصَ,اصُ,1
اص,اصَ,اصِ,1
اص,اصُ,اصِ,1
ٱلض,ٱلضَّ,ٱلضُّ,1
ٱلض,ٱلضَّ,ٱلضِّ,1
ٱلض,ٱلضُّ,ٱلضِّ,1
يح,يحً,يحٌ,1
يح,يحً,يحٍ,1
يح,يحً,يحَ,1
يح,يحً,يحُ,1
يح,يحً,يحِ,1
يح,يحٌ,يحٍ,1
يح,يحٌ,يحَ,1
يح,يحٌ,يحُ,1
يح,يحٌ,يحِ,1
يح,يحٍ,يحَ,1
يح,يحٍ,يحُ,1
يح,يحٍ,يحِ,1
يح,يحَ,يحُ,1
يح,يحَ,يحِ,1
يح,يحُ,يحِ,1
دت,دتَّ,دتُّ,1
يف,يفً,يفٌ,1
يف,يفً,يفَ,1
يف,يفً,يفُ,1
يف,يفً,يفِ,1
يف,يفٌ,يفَ,1
يف,يفٌ,يفُ,1
يف,يفٌ,يفِ,1
يف,يفَ,يفُ,1
يف,يفَ,يفِ,1
يف,يفُ,يفِ,1
نق,نقَ,نقُ,1
نق,نقَ,نقِ,1
نق,نقُ,نقِ,1
نج,نجَ,نجِ,1
اط,اطً,اطَ,1
اط,اطً,اطُ,1
اط,اطً,اطِ,1
اط,اطَ,اطُ,1
اط,اطَ,اطِ,1
اط,اطُ,اطِ,1
نش,نشَ,نشُ,1
نش,نشَ,نشِ,1
نش,نشُ,نشِ,1
ٱنت,ٱنتَ,ٱنتِ,1
وط,وطً,وطٌ,1
وط,وطً,وطٍ,1
وط,وطً,وطَ,1
وط,وطً,وطُ,1
وط,وطٌ,وطٍ,1
وط,وطٌ,وطَ,1
وط,وطٌ,وطُ,1
وط,وطٍ,وطَ,1
وط,وطٍ,وطُ,1
وط,وطَ,وطُ,1
اث,اثَ,اثُ,1
اث,اثَ,اثِ,1
اث,اثُ,اثِ,1
نث,نثَ,نثُ,1
نث,نثَ,نثِ,1
نث,نثُ,نثِ,1
از,ازً,ازٍ,1
از,ازً,ازَ,1
از,ازً,ازُ,1
از,ازً,ازِ,1
از,ازٍ,ازَ,1
از,ازٍ,ازُ,1
از,ازٍ,ازِ,1
از,ازَ,ازُ,1
از,ازَ,ازِ,1
از,ازُ,ازِ,1
ٱلث,ٱلثَّ,ٱلثُّ,1
ٱلث,ٱلثَّ,ٱلثِّ,1
ٱلث,ٱلثُّ,ٱلثِّ,1
يض,يضً,يضٌ,1
يض,يضً,يضٍ,1
يض,يضً,يضَ,1
يض,يضً,يضُ,1
يض,يضً,يضِ,1
يض,يضٌ,يضٍ,1
يض,يضٌ,يضَ,1
يض,يضٌ,يضُ,1
يض,يضٌ,يضِ,1
يض,يضٍ,يضَ,1
يض,يضٍ,يضُ,1
يض,يضٍ,يضِ,1
يض,يضَ,يضُ,1
يض,يضَ,يضِ,1
يض,يضُ,يضِ,1
اض,اضً,اضٍ,1
اض,اضً,اضَ,1
اض,اضً,اضُ,1
اض,اضً,اضِ,1
اض,اضٍ,اضَ,1
اض,اضٍ,اضُ,1
اض,اضٍ,اضِ,1
اض,اضَ,اضُ,1
اض,اضَ,اضِ,1
اض,اضُ,اضِ,1
ٱث,ٱثَّ,ٱثْ,2
يظ,يظً,يظٌ,1
يظ,يظً,يظٍ,1
يظ,يظً,يظَ,1
يظ,يظً,يظُ,1
يظ,يظٌ,يظٍ,1
يظ,يظٌ,يظَ,1
يظ,يظٌ,يظُ,1
يظ,يظٍ,يظَ,1
يظ,يظٍ,يظُ,1
يظ,يظَ,يظُ,1
وج,وجً,وجٍ,1
وج,وجً,وجَ,1
وج,وجً,وجُ,1
وج,وجً,وجِ,1
وج,وجٍ,وجَ,1
وج,وجٍ,وجُ,1
وج,وجٍ,وجِ,1
وج,وجَ,وجُ,1
وج,وجَ,وجِ,1
وج,وجُ,وجِ,1
لر,لرَّ,لرُّ,1
لر,لرَّ,لرِّ,1
لر,لرُّ,لرِّ,1
يط,يطً,يطٌ,1
يط,يطً,يطٍ,1
يط,يطً,يطَ,1
يط,يطً,يطُ,1
يط,يطٌ,يطٍ,1
يط,يطٌ,يطَ,1
يط,يطٌ,يطُ,1
يط,يطٍ,يطَ,1
يط,يطٍ,يطُ,1
يط,يطَ,يطُ,1
نط,نطَ,نطِ,1
اغ,اغٍ,اغَ,1
اغ,اغٍ,اغُ,1
اغ,اغٍ,اغِ,1
اغ,اغَ,اغُ,1
اغ,اغَ,اغِ,1
اغ,اغُ,اغِ,1
وذ,وذٍ,وذَ,1
وذ,وذٍ,وذُ,1
وذ,وذٍ,وذِ,1
وذ,وذَ,وذُ,1
وذ,وذَ,وذِ,1
وذ,وذُ,وذِ,1
وث,وثَ,وثُ,1
وث,وثَ,وثِ,1
وث,وثُ,وثِ,1
يص,يصً,يصٌ,1
يص,يصً,يصٍ,1
يص,يصً,يصَ,1
يص,يصً,يصُ,1
يص,يصً,يصِ,1
يص,يصٌ,يصٍ,1
يص,يصٌ,يصَ,1
يص,يصٌ,يصُ,1
يص,يصٌ,يصِ,1
يص,يصٍ,يصَ,1
يص,يصٍ,يصُ,1
يص,يصٍ,يصِ,1
يص,يصَ,يصُ,1
يص,يصَ,يصِ,1
يص,يصُ,يصِ,1
ٱنف,ٱنفَ,ٱنفُ,1
ٱنف,ٱنفَ,ٱنفِ,1
ٱنف,ٱنفُ,ٱنفِ,1
وز,وزً,وزٌ,1
وز,وزً,وزٍ,1
وز,وزً,وزَ,1
وز,وزً,وزِ,1
وز,وزٌ,وزٍ,1
وز,وزٌ,وزَ,1
وز,وزٌ,وزِ,1
وز,وزٍ,وزَ,1
وز,وزٍ,وزِ,1
وز,وزَ,وزِ,1
وص,وصٌ,وصٍ,1
وص,وصٌ,وصَ,1
وص,وصٌ,وصُ,1
وص,وصٌ,وصِ,1
وص,وصٍ,وصَ,1
وص,وصٍ,وصُ,1
وص,وصٍ,وصِ,1
وص,وصَ,وصُ,1
وص,وصَ,وصِ,1
وص,وصُ,وصِ,1
وض,وضً,وضَ,1
وض,وضً,وضُ,1
وض,وضَ,وضُ,1
ٱنق,ٱنقَ,ٱنقُ,1
ٱط,ٱطَّ,ٱطْ,2
لس,لسَّ,لسُّ,1
لذ,لذَّ,لذَّٰ,1
لذ,لذَّ,لذِّ,1
لذ,لذَّٰ,لذِّ,2
اش,اشً,اشٍ,1
اش,اشً,اشِ,1
اش,اشٍ,اشِ,1
ٱنص,ٱنصَ,ٱنصُ,1
ٱن,ٱن,ٱنْ,1
وش,وشَ,وشُ,1
وش,وشَ,وشِ,1
وش,وشُ,وشِ,1
يش,يشً,يشَ,1
ٱنش,ٱنشَ,ٱنشُ,1
يج,يجٍ,يجَ,1
يج,يجٍ,يجُ,1
يج,يجَ,يجُ,1
ٱز,ٱزَّ,ٱزْ,2
اظ,اظً,اظٌ,1
اظ,اظً,اظِ,1
اظ,اظٌ,اظِ,1
لد,لدَّ,لدِّ,1
طت,طتَ,طتُ,1
ٱنك,ٱنكَ,ٱنكِ,1
يغ,يغً,يغُ,1
وظ,وظً,وظٍ,1
يذ,يذٍ,يذُ,1
